Citizen_ID,Income_Tier,Scheme_Eligibility,Scheme_Amount,Last_Claim_Date,Region_Code,Account_Status,Aadhaar_Linked,Claim_Count
322651194174,Low,Pension,2000,26-01-2024,MP-11,Active,TRUE,3
471464053117,Low,Health,5000,06-03-2025,GJ-06,Active,TRUE,0
247760979123,Low,Health,5000,06-09-2024,RJ-06,Active,TRUE,4
152106892375,Low,Pension,2000,19-03-2025,UP-18,Active,TRUE,3
720257965977,Low,Health,5000,27-03-2024,WB-12,Active,TRUE,0
564364944298,Low,Pension,2000,25-05-2025,DL-03,Active,TRUE,1
422601586768,Low,Pension,2000,11-01-2025,WB-03,Active,TRUE,5
152419317238,Low,Health,5000,12-02-2025,GJ-20,Active,TRUE,1
333165014872,Low,Health,5000,12-04-2023,UP-03,Active,TRUE,0
758121224465,Low,Pension,2000,08-05-2023,GJ-12,Active,TRUE,1
100282259058,Low,Food,1000,09-02-2023,DL-16,Active,TRUE,0
336084485286,Low,Health,5000,26-06-2023,RJ-02,Active,TRUE,3
714254702281,Low,Food,1000,28-08-2024,WB-19,Active,TRUE,4
534927166137,Low,Pension,2000,06-04-2025,WB-02,Active,TRUE,5
559153362475,Low,Health,5000,05-07-2025,UP-20,Active,TRUE,1
351998197832,Low,Food,1000,26-11-2023,WB-03,Active,TRUE,1
650129584509,Low,Health,5000,02-07-2025,AP-07,Active,TRUE,0
279169851336,Low,Health,5000,12-05-2025,RJ-11,Active,TRUE,1
597930779842,Low,Pension,2000,25-04-2023,RJ-05,Active,TRUE,3
232865107166,Low,Pension,2000,24-05-2023,MH-10,Active,TRUE,4
630527636236,Low,Pension,2000,22-01-2026,AP-12,Active,TRUE,5
664502239973,Low,Food,1000,09-03-2025,KA-13,Active,TRUE,1
375657932784,Low,Pension,2000,18-09-2024,RJ-09,Active,TRUE,5
625930767645,Low,Food,1000,25-03-2023,WB-15,Active,TRUE,4
844318572244,Low,Pension,2000,17-02-2023,MH-12,Active,TRUE,0
693024379182,Low,Pension,2000,11-03-2024,TN-10,Active,TRUE,5
542601107432,Low,Food,1000,23-10-2025,UP-18,Active,TRUE,3
794498122185,Low,Health,5000,14-03-2024,MH-08,Active,TRUE,4
281826438182,Low,Food,1000,30-09-2024,MH-06,Active,TRUE,2
927376487974,Low,Pension,2000,06-03-2024,GJ-11,Active,TRUE,1
693648951309,Low,Pension,2000,14-07-2024,RJ-13,Active,TRUE,3
239676020315,Low,Health,5000,30-12-2023,MP-02,Active,TRUE,2
744656253999,Low,Health,5000,27-05-2023,GJ-16,Active,TRUE,4
378325764142,Low,Pension,2000,22-11-2024,WB-17,Active,TRUE,2
674774828624,Low,Pension,2000,01-05-2025,AP-05,Active,TRUE,5
448828583829,Low,Pension,2000,08-07-2023,TN-12,Active,TRUE,4
487134460103,Low,Food,1000,07-05-2023,DL-18,Active,TRUE,0
162544238927,Low,Pension,2000,08-01-2023,WB-03,Active,TRUE,3
421198306891,Low,Food,1000,01-04-2023,WB-02,Active,TRUE,5
913635305029,Low,Health,5000,11-11-2024,RJ-01,Active,TRUE,2
234327949911,Low,Pension,2000,03-12-2025,RJ-09,Active,TRUE,3
105163432882,Low,Food,1000,22-11-2023,KA-09,Active,TRUE,1
934781876179,Low,Health,5000,20-05-2024,UP-06,Active,TRUE,2
612671500463,Low,Pension,2000,25-03-2024,MP-19,Active,TRUE,0
245399119418,Low,Pension,2000,14-03-2023,KA-12,Active,TRUE,2
488421150576,Low,Pension,2000,12-04-2024,TN-07,Active,TRUE,1
317543015379,Low,Health,5000,05-10-2025,MH-12,Active,TRUE,1
208501871911,Low,Food,1000,07-09-2024,MH-10,Active,TRUE,0
212923867281,Low,Food,1000,28-11-2024,DL-17,Active,TRUE,5
595930071500,Low,Pension,2000,19-07-2023,DL-10,Active,TRUE,0
674086009217,Low,Health,5000,28-08-2023,AP-10,Active,TRUE,0
130144790620,Low,Health,5000,31-12-2024,MP-03,Active,TRUE,5
738009342196,Low,Food,1000,19-06-2025,DL-13,Active,TRUE,2
829873090105,Low,Health,5000,04-01-2024,MP-14,Active,TRUE,0
488569049507,Low,Pension,2000,06-06-2025,GJ-12,Active,TRUE,5
168305081893,Low,Food,1000,20-11-2024,UP-09,Active,TRUE,5
118780974650,Low,Food,1000,02-03-2023,AP-18,Active,TRUE,3
505718179329,Low,Food,1000,08-01-2023,UP-08,Active,TRUE,2
272331263974,Low,Food,1000,08-10-2024,WB-01,Active,TRUE,4
371798226095,Low,Pension,2000,16-01-2023,MH-12,Active,TRUE,1
326270885636,Low,Health,5000,09-08-2023,UP-16,Active,TRUE,5
406363209741,Low,Pension,2000,13-02-2023,TN-09,Active,TRUE,1
501572157120,Low,Health,5000,30-10-2023,RJ-08,Active,TRUE,4
739827836733,Low,Health,5000,03-08-2023,AP-14,Active,TRUE,5
186513561814,Low,Pension,2000,17-02-2025,WB-11,Active,TRUE,3
318509871888,Low,Health,5000,23-08-2023,RJ-19,Active,TRUE,4
869149333264,Low,Health,5000,01-09-2023,KA-06,Active,TRUE,2
648664229939,Low,Food,1000,27-12-2024,WB-17,Active,TRUE,2
792110513437,Low,Pension,2000,25-01-2025,TN-18,Active,TRUE,3
442948366301,Low,Food,1000,19-08-2025,MP-18,Active,TRUE,0
435283902943,Low,Pension,2000,21-03-2023,UP-01,Active,TRUE,5
642047418401,Low,Health,5000,24-07-2024,MH-13,Active,TRUE,4
591261899007,Low,Food,1000,01-03-2024,WB-08,Active,TRUE,4
814368875526,Low,Health,5000,09-01-2024,UP-06,Active,TRUE,2
896902514932,Low,Food,1000,15-02-2023,RJ-16,Active,TRUE,4
600434553171,Low,Pension,2000,22-10-2025,MP-03,Active,TRUE,4
749581538503,Low,Food,1000,08-05-2023,DL-07,Active,TRUE,3
550581421099,Low,Pension,2000,01-09-2023,DL-16,Active,TRUE,5
458311070480,Low,Pension,2000,26-04-2025,MH-13,Active,TRUE,4
396317850417,Low,Pension,2000,27-09-2023,MP-08,Active,TRUE,4
411122620817,Low,Pension,2000,03-02-2025,WB-13,Active,TRUE,5
107817472735,Low,Health,5000,30-07-2023,WB-13,Active,TRUE,1
499838614010,Low,Food,1000,21-12-2023,UP-06,Active,TRUE,4
780251441344,Low,Food,1000,02-02-2025,WB-05,Active,TRUE,2
161466975788,Low,Health,5000,30-08-2025,GJ-07,Active,TRUE,3
332372324190,Low,Pension,2000,19-05-2025,UP-01,Active,TRUE,5
868130928758,Low,Food,1000,17-08-2023,TN-20,Active,TRUE,4
396827452253,Low,Food,1000,11-04-2025,AP-08,Active,TRUE,1
903173176944,Low,Food,1000,04-03-2023,AP-04,Active,TRUE,1
860972811973,Low,Health,5000,02-07-2025,TN-08,Active,TRUE,0
729576811407,Low,Food,1000,25-06-2023,RJ-09,Active,TRUE,5
715703901722,Low,Food,1000,15-07-2024,GJ-04,Active,TRUE,5
943714101567,Low,Food,1000,31-01-2026,TN-05,Active,TRUE,4
146773962605,Low,Health,5000,03-05-2023,MP-02,Active,TRUE,2
789062929676,Low,Pension,2000,02-03-2024,MP-06,Active,TRUE,0
104113113570,Low,Food,1000,13-12-2024,GJ-13,Active,TRUE,3
513107736928,Low,Health,5000,09-11-2024,MP-20,Active,TRUE,5
164823953734,Low,Health,5000,26-03-2025,UP-20,Active,TRUE,5
899505899058,Low,Food,1000,08-02-2026,TN-17,Active,TRUE,3
655025750506,Low,Food,1000,14-01-2024,MH-06,Active,TRUE,4
605294279160,Low,Pension,2000,14-10-2025,WB-06,Active,TRUE,3
674425352233,Low,Health,5000,25-03-2025,DL-11,Active,TRUE,0
480974888311,Low,Food,1000,16-05-2025,TN-20,Active,TRUE,4
148273463535,Low,Health,5000,18-09-2023,TN-07,Active,TRUE,0
812597178813,Low,Health,5000,04-01-2024,WB-13,Active,TRUE,5
411191385010,Low,Pension,2000,04-06-2024,TN-09,Active,TRUE,0
867122873095,Low,Health,5000,29-08-2024,WB-05,Active,TRUE,3
577505416896,Low,Pension,2000,19-05-2024,UP-07,Active,TRUE,3
588037604252,Low,Food,1000,14-12-2023,DL-08,Active,TRUE,1
690407876204,Low,Health,5000,15-03-2025,MH-03,Active,TRUE,2
644361826547,Low,Food,1000,02-01-2023,RJ-10,Active,TRUE,3
609594212692,Low,Food,1000,07-08-2024,AP-09,Active,TRUE,1
671783267039,Low,Pension,2000,03-06-2024,RJ-11,Active,TRUE,0
418883609500,Low,Pension,2000,22-06-2024,GJ-02,Active,TRUE,4
180468163106,Low,Health,5000,09-05-2024,TN-17,Active,TRUE,1
609793727593,Low,Health,5000,17-06-2023,MH-07,Active,TRUE,0
144736781975,Low,Food,1000,28-01-2026,MP-19,Active,TRUE,4
871777865239,Low,Food,1000,01-10-2025,MP-07,Active,TRUE,3
344044356179,Low,Pension,2000,12-01-2025,RJ-04,Active,TRUE,5
671289505095,Low,Pension,2000,22-11-2024,UP-11,Active,TRUE,0
581178911364,Low,Health,5000,02-05-2025,UP-02,Active,TRUE,2
280617294679,Low,Health,5000,12-10-2023,DL-18,Active,TRUE,1
908218905472,Low,Health,5000,09-10-2024,GJ-08,Active,TRUE,1
992845644076,Low,Health,5000,03-01-2025,GJ-11,Active,TRUE,4
788252046340,Low,Pension,2000,05-09-2024,DL-01,Active,TRUE,2
309865226571,Low,Food,1000,04-09-2024,RJ-08,Active,TRUE,4
761955547787,Low,Food,1000,26-05-2025,MH-14,Active,TRUE,5
611919952951,Low,Food,1000,21-10-2025,KA-05,Active,TRUE,4
686969184524,Low,Health,5000,24-09-2023,TN-16,Active,TRUE,3
865812197707,Low,Pension,2000,20-06-2024,MP-02,Active,TRUE,4
860017417147,Low,Pension,2000,20-05-2025,WB-06,Active,TRUE,3
965801167600,Low,Health,5000,30-10-2023,MH-11,Active,TRUE,0
701400646508,Low,Food,1000,05-08-2025,KA-10,Active,TRUE,4
452329361555,Low,Pension,2000,15-02-2023,TN-06,Active,TRUE,3
167289010602,Low,Pension,2000,24-11-2023,MP-10,Active,TRUE,4
398557573249,Low,Pension,2000,05-08-2025,GJ-08,Active,TRUE,1
648219796220,Low,Food,1000,22-03-2024,DL-04,Active,TRUE,3
200884608624,Low,Food,1000,16-08-2025,RJ-20,Active,TRUE,1
173462646749,Low,Health,5000,29-04-2023,DL-07,Active,TRUE,2
153359020097,Low,Pension,2000,12-09-2025,MH-12,Active,TRUE,4
367133372060,Low,Health,5000,02-06-2023,AP-19,Active,TRUE,3
417948102809,Low,Health,5000,26-10-2025,MH-20,Active,TRUE,4
449436236999,Low,Pension,2000,05-02-2025,MH-07,Active,TRUE,1
270278105966,Low,Food,1000,03-02-2025,WB-14,Active,TRUE,0
107225211953,Low,Pension,2000,11-08-2023,GJ-01,Active,TRUE,0
875913597836,Low,Pension,2000,20-02-2023,WB-09,Active,TRUE,3
742447346951,Low,Health,5000,17-08-2025,KA-13,Active,TRUE,3
652765229609,Low,Pension,2000,19-12-2023,DL-06,Active,TRUE,3
640245480670,Low,Pension,2000,23-06-2025,MH-11,Active,TRUE,3
445049980636,Low,Health,5000,24-11-2024,DL-14,Active,TRUE,4
199446593853,Low,Food,1000,27-07-2023,UP-05,Active,TRUE,4
921995769142,Low,Health,5000,18-09-2024,TN-06,Active,TRUE,0
847412290811,Low,Health,5000,23-01-2023,TN-16,Active,TRUE,3
677963479157,Low,Health,5000,21-09-2023,RJ-11,Active,TRUE,4
934931715972,Low,Food,1000,26-05-2024,RJ-16,Active,TRUE,5
163468183627,Low,Pension,2000,13-08-2024,DL-15,Active,TRUE,0
691825529510,Low,Food,1000,08-12-2024,UP-10,Active,TRUE,3
348502837324,Low,Health,5000,22-03-2023,UP-02,Active,TRUE,4
523544850849,Low,Pension,2000,04-02-2023,MH-02,Active,TRUE,3
174751439924,Low,Health,5000,26-07-2024,TN-17,Active,TRUE,1
940469474972,Low,Pension,2000,17-12-2024,UP-14,Active,TRUE,0
106269075731,Low,Food,1000,10-01-2026,GJ-17,Active,TRUE,5
146735907826,Low,Health,5000,05-12-2023,KA-06,Active,TRUE,4
238538262392,Low,Food,1000,14-04-2024,MH-12,Active,TRUE,0
801335510573,Low,Health,5000,02-01-2025,MH-04,Active,TRUE,2
590980279109,Low,Food,1000,28-05-2024,MP-12,Active,TRUE,3
283742495019,Low,Pension,2000,20-01-2025,MP-10,Active,TRUE,4
797826235708,Low,Health,5000,05-08-2024,RJ-09,Active,TRUE,0
262362577005,Low,Pension,2000,08-09-2025,DL-09,Active,TRUE,4
387451888273,Low,Food,1000,24-10-2025,KA-14,Active,TRUE,3
651384001485,Low,Pension,2000,03-02-2023,GJ-12,Active,TRUE,3
624292849039,Low,Pension,2000,18-10-2023,DL-07,Active,TRUE,0
227300802527,Low,Pension,2000,12-11-2023,UP-13,Active,TRUE,5
464362430463,Low,Pension,2000,10-11-2025,RJ-06,Active,TRUE,4
333351190210,Low,Health,5000,21-12-2023,MP-06,Active,TRUE,2
709347257003,Low,Pension,2000,05-02-2026,TN-02,Active,TRUE,1
119938180852,Low,Food,1000,17-07-2023,WB-13,Active,TRUE,3
337857413877,Low,Health,5000,11-08-2023,UP-18,Active,TRUE,1
364107108594,Low,Pension,2000,24-10-2023,MH-03,Active,TRUE,3
333397053713,Low,Health,5000,27-04-2025,TN-13,Active,TRUE,1
720531818652,Low,Food,1000,17-06-2024,UP-18,Active,TRUE,1
487185292680,Low,Pension,2000,30-12-2023,UP-09,Active,TRUE,3
589644326608,Low,Pension,2000,16-08-2023,UP-17,Active,TRUE,4
344277822435,Low,Health,5000,05-07-2024,TN-09,Active,TRUE,0
877111543214,Low,Health,5000,28-10-2023,RJ-09,Active,TRUE,3
419058276919,Low,Health,5000,03-04-2024,GJ-15,Active,TRUE,0
269118401976,Low,Pension,2000,04-05-2025,MH-13,Active,TRUE,0
472790198259,Low,Health,5000,29-01-2024,MH-16,Active,TRUE,5
112324311545,Low,Pension,2000,27-01-2023,RJ-19,Active,TRUE,4
226031706341,Low,Health,5000,16-10-2024,TN-12,Active,TRUE,0
615901744281,Low,Health,5000,25-01-2026,DL-17,Active,TRUE,4
722310992769,Low,Pension,2000,05-02-2026,TN-19,Active,TRUE,4
852855554514,Low,Health,5000,31-08-2024,MP-08,Active,TRUE,3
984259553820,Low,Food,1000,10-10-2025,RJ-14,Active,TRUE,2
833551735419,Low,Health,5000,11-09-2024,KA-12,Active,TRUE,4
676875400471,Low,Health,5000,24-12-2024,MP-15,Active,TRUE,2
461965539044,Low,Pension,2000,09-03-2025,AP-08,Active,TRUE,4
826865410058,Low,Food,1000,19-06-2023,RJ-14,Active,TRUE,1
222752646243,Low,Food,1000,29-07-2025,WB-03,Active,TRUE,5
321566743134,Low,Health,5000,16-02-2024,KA-09,Active,TRUE,1
452221649805,Low,Food,1000,14-02-2023,KA-16,Active,TRUE,0
828295521068,Low,Health,5000,28-12-2023,GJ-09,Active,TRUE,2
707089752645,Low,Food,1000,13-02-2023,DL-09,Active,TRUE,4
565977614100,Low,Food,1000,09-09-2025,WB-03,Active,TRUE,0
466274874761,Low,Food,1000,16-02-2024,KA-11,Active,TRUE,3
541071246529,Low,Pension,2000,25-07-2025,DL-14,Active,TRUE,5
707660198972,Low,Pension,2000,15-04-2025,DL-12,Active,TRUE,2
408959651181,Low,Pension,2000,23-03-2023,UP-05,Active,TRUE,0
106354538158,Low,Pension,2000,21-09-2024,WB-16,Active,TRUE,0
773800406000,Low,Food,1000,12-05-2024,AP-09,Active,TRUE,4
532757633444,Low,Pension,2000,28-04-2025,DL-05,Active,TRUE,0
133560991810,Low,Health,5000,30-09-2025,WB-09,Active,TRUE,3
314026305689,Low,Pension,2000,17-03-2025,TN-09,Active,TRUE,0
439886659937,Low,Food,1000,01-11-2023,KA-03,Active,TRUE,5
851778597180,Low,Health,5000,28-10-2023,RJ-05,Active,TRUE,1
718696226914,Low,Food,1000,20-11-2025,WB-14,Active,TRUE,4
952552388532,Low,Food,1000,08-08-2024,GJ-03,Active,TRUE,1
942296949785,Low,Food,1000,30-08-2023,DL-11,Active,TRUE,1
403464027418,Low,Food,1000,16-04-2023,DL-11,Active,TRUE,2
757305555141,Low,Health,5000,15-11-2023,MH-02,Active,TRUE,4
286299698565,Low,Food,1000,09-01-2023,WB-05,Active,TRUE,4
993671046454,Low,Pension,2000,14-09-2023,WB-04,Active,TRUE,5
978735806949,Low,Pension,2000,03-04-2023,GJ-09,Active,TRUE,4
229359126323,Low,Food,1000,27-10-2024,UP-19,Active,TRUE,5
614736634578,Low,Pension,2000,16-05-2025,GJ-06,Active,TRUE,0
244156807157,Low,Health,5000,01-04-2025,WB-07,Active,TRUE,5
567417436586,Low,Pension,2000,17-07-2023,DL-08,Active,TRUE,1
714042999591,Low,Food,1000,26-05-2024,UP-13,Active,TRUE,2
697108077485,Low,Food,1000,06-08-2025,AP-20,Active,TRUE,3
754865921901,Low,Food,1000,24-11-2024,MH-18,Active,TRUE,4
237555922600,Low,Health,5000,18-06-2024,AP-12,Active,TRUE,5
816231918743,Low,Health,5000,24-11-2024,MP-18,Active,TRUE,5
531314830077,Low,Health,5000,16-11-2023,MH-16,Active,TRUE,5
128586800985,Low,Food,1000,02-10-2023,AP-02,Active,TRUE,0
900117537967,Low,Health,5000,27-05-2023,RJ-08,Active,TRUE,0
160498264467,Low,Health,5000,27-04-2024,KA-07,Active,TRUE,2
545379017238,Low,Pension,2000,07-11-2024,WB-03,Active,TRUE,5
861878866298,Low,Health,5000,24-04-2023,TN-09,Active,TRUE,2
357893686238,Low,Food,1000,04-05-2023,RJ-04,Active,TRUE,1
731705619676,Low,Food,1000,27-10-2024,RJ-12,Active,TRUE,1
704621509334,Low,Food,1000,19-06-2024,GJ-06,Active,TRUE,2
869179850576,Low,Food,1000,30-12-2025,RJ-11,Active,TRUE,3
184369257644,Low,Health,5000,26-01-2026,GJ-07,Active,TRUE,1
710233194590,Low,Health,5000,13-04-2025,MH-03,Active,TRUE,5
924569784980,Low,Food,1000,17-02-2026,TN-16,Active,TRUE,4
475114408997,Low,Health,5000,13-04-2024,RJ-02,Active,TRUE,0
794047647490,Low,Food,1000,16-08-2023,KA-17,Active,TRUE,4
318747594465,Low,Pension,2000,24-03-2025,DL-10,Active,TRUE,1
954207371681,Low,Health,5000,10-01-2026,AP-04,Active,TRUE,4
999392069247,Low,Pension,2000,14-09-2023,MH-06,Active,TRUE,1
130878361973,Low,Food,1000,12-03-2024,TN-18,Active,TRUE,1
833328771974,Low,Pension,2000,03-07-2025,WB-02,Active,TRUE,3
576285488252,Low,Health,5000,01-01-2025,KA-10,Active,TRUE,3
671332696899,Low,Food,1000,14-05-2025,KA-19,Active,TRUE,2
796683865271,Low,Food,1000,09-10-2024,UP-02,Active,TRUE,1
124177063016,Low,Health,5000,18-01-2023,MH-06,Active,TRUE,3
877572872131,Low,Pension,2000,09-06-2023,TN-11,Active,TRUE,1
828542016864,Low,Pension,2000,04-01-2023,WB-14,Active,TRUE,1
376877581238,Low,Health,5000,06-10-2024,MH-12,Active,TRUE,3
355905204227,Low,Food,1000,07-01-2025,UP-10,Active,TRUE,3
555310662967,Low,Pension,2000,03-03-2023,MH-07,Active,TRUE,2
692117223033,Low,Health,5000,03-01-2024,WB-13,Active,TRUE,2
544641128572,Low,Food,1000,27-01-2026,MP-16,Active,TRUE,5
778260618875,Low,Food,1000,08-08-2023,WB-16,Active,TRUE,2
286532640548,Low,Health,5000,14-12-2024,WB-17,Active,TRUE,4
936000388276,Low,Food,1000,12-11-2025,KA-13,Active,TRUE,3
402853665236,Low,Pension,2000,02-06-2025,UP-20,Active,TRUE,2
576540342333,Low,Food,1000,28-03-2025,TN-14,Active,TRUE,5
904119301764,Low,Food,1000,09-06-2024,RJ-15,Active,TRUE,0
935170002388,Low,Food,1000,07-10-2025,RJ-12,Active,TRUE,4
378875991447,Low,Food,1000,15-01-2025,MH-04,Active,TRUE,0
213587279995,Low,Food,1000,29-07-2024,TN-10,Active,TRUE,0
144950137187,Low,Pension,2000,17-05-2024,WB-14,Active,TRUE,3
816580453912,Low,Food,1000,01-11-2024,AP-19,Active,TRUE,4
325227014048,Low,Health,5000,02-03-2025,TN-16,Active,TRUE,1
848003370648,Low,Health,5000,16-02-2023,AP-06,Active,TRUE,2
525913467244,Low,Pension,2000,06-01-2025,RJ-02,Active,TRUE,5
761776691203,Low,Health,5000,21-09-2025,GJ-10,Active,TRUE,0
490084124109,Low,Health,5000,19-10-2024,GJ-08,Active,TRUE,1
285392094746,Low,Pension,2000,07-12-2023,DL-03,Active,TRUE,4
150085241821,Low,Pension,2000,04-10-2023,UP-08,Active,TRUE,4
584660139467,Low,Health,5000,12-10-2024,MP-18,Active,TRUE,0
316925145043,Low,Food,1000,10-03-2023,UP-01,Active,TRUE,0
650107703557,Low,Health,5000,11-05-2024,DL-16,Active,TRUE,4
711492870851,Low,Pension,2000,15-02-2026,AP-08,Active,TRUE,3
793499658641,Low,Pension,2000,19-06-2025,GJ-07,Active,TRUE,5
304604195265,Low,Pension,2000,07-11-2023,GJ-17,Active,TRUE,3
185310249540,Low,Pension,2000,29-12-2025,TN-17,Active,TRUE,0
168191691385,Low,Health,5000,16-03-2023,GJ-08,Active,TRUE,5
553687830071,Low,Food,1000,27-08-2025,RJ-11,Active,TRUE,0
749723303378,Low,Health,5000,29-12-2024,DL-03,Active,TRUE,5
519425786922,Low,Food,1000,15-01-2026,RJ-08,Active,TRUE,4
794497757658,Low,Pension,2000,29-12-2023,MH-18,Active,TRUE,2
539779516118,Low,Pension,2000,16-06-2025,MP-11,Active,TRUE,4
353019878159,Low,Pension,2000,21-11-2025,KA-13,Active,TRUE,5
840435596218,Low,Pension,2000,22-10-2023,DL-17,Active,TRUE,2
128896734819,Low,Food,1000,10-07-2024,AP-15,Active,TRUE,3
575522941634,Low,Health,5000,26-08-2023,AP-09,Active,TRUE,0
251113059084,Low,Pension,2000,27-09-2025,WB-07,Active,TRUE,1
673980570125,Low,Food,1000,26-12-2025,RJ-20,Active,TRUE,0
472514616528,Low,Pension,2000,27-07-2025,WB-10,Active,TRUE,1
947697951803,Low,Pension,2000,13-02-2024,GJ-01,Active,TRUE,3
169326994731,Low,Pension,2000,10-10-2023,AP-20,Active,TRUE,5
458600245900,Low,Pension,2000,20-01-2025,DL-16,Active,TRUE,5
786257224760,Low,Health,5000,26-10-2025,RJ-07,Active,TRUE,5
106292974775,Low,Health,5000,12-12-2025,AP-09,Active,TRUE,5
638774308957,Low,Pension,2000,28-01-2023,KA-20,Active,TRUE,2
957157592687,Low,Food,1000,23-04-2023,KA-10,Active,TRUE,5
736434905693,Low,Health,5000,16-03-2025,RJ-01,Active,TRUE,0
177589856134,Low,Food,1000,13-10-2024,MP-01,Active,TRUE,5
876854326956,Low,Health,5000,06-02-2023,UP-11,Active,TRUE,4
912108284630,Low,Pension,2000,24-09-2025,AP-14,Active,TRUE,3
148020733927,Low,Health,5000,14-08-2023,WB-12,Active,TRUE,3
315702269309,Low,Food,1000,19-08-2025,TN-07,Active,TRUE,4
527282542824,Low,Pension,2000,25-11-2024,RJ-20,Active,TRUE,3
559993410006,Low,Health,5000,26-06-2023,RJ-20,Active,TRUE,4
420667875005,Low,Health,5000,23-10-2024,UP-10,Active,TRUE,3
169629350454,Low,Health,5000,26-03-2023,UP-15,Active,TRUE,5
311816765703,Low,Pension,2000,07-07-2024,MP-13,Active,TRUE,4
908861195637,Low,Pension,2000,22-03-2025,GJ-15,Active,TRUE,4
427155118858,Low,Pension,2000,09-01-2025,WB-08,Active,TRUE,2
307997912228,Low,Pension,2000,23-10-2024,MP-16,Active,TRUE,1
155421453674,Low,Pension,2000,09-10-2023,KA-08,Active,TRUE,1
461149897210,Low,Food,1000,31-07-2024,RJ-03,Active,TRUE,2
899036110177,Low,Food,1000,20-04-2025,DL-04,Active,TRUE,4
147371742689,Low,Food,1000,04-04-2024,DL-12,Active,TRUE,5
461433294540,Low,Food,1000,03-09-2024,KA-11,Active,TRUE,2
843264257891,Low,Pension,2000,23-07-2024,RJ-04,Active,TRUE,4
154169392557,Low,Health,5000,13-10-2024,MP-02,Active,TRUE,1
871410121161,Low,Pension,2000,23-03-2024,WB-03,Active,TRUE,5
819932870879,Low,Health,5000,12-03-2024,DL-14,Active,TRUE,4
368411354798,Low,Health,5000,23-01-2024,MP-09,Active,TRUE,4
791667693507,Low,Health,5000,28-07-2025,DL-05,Active,TRUE,4
239454510992,Low,Health,5000,08-07-2023,TN-10,Active,TRUE,2
994410712218,Low,Pension,2000,02-12-2024,DL-02,Active,TRUE,1
431736844638,Low,Health,5000,24-12-2025,DL-16,Active,TRUE,4
911480558882,Low,Health,5000,25-03-2025,UP-10,Active,TRUE,2
219946558047,Low,Pension,2000,15-04-2023,DL-07,Active,TRUE,5
305555960138,Low,Pension,2000,02-05-2023,UP-08,Active,TRUE,0
838533114430,Low,Pension,2000,20-07-2024,MP-03,Active,TRUE,1
565808845926,Low,Food,1000,12-03-2025,KA-19,Active,TRUE,1
829830495622,Low,Food,1000,29-01-2026,GJ-18,Active,TRUE,0
673878947230,Low,Food,1000,28-01-2026,RJ-19,Active,TRUE,3
360932606515,Low,Food,1000,29-04-2024,KA-18,Active,TRUE,0
320835417131,Low,Pension,2000,21-09-2024,KA-08,Active,TRUE,3
265686200721,Low,Health,5000,16-05-2024,RJ-03,Active,TRUE,0
858370689576,Low,Pension,2000,20-04-2023,DL-14,Active,TRUE,5
870670466908,Low,Health,5000,05-01-2023,GJ-20,Active,TRUE,1
800785045130,Low,Health,5000,21-02-2023,UP-07,Active,TRUE,0
393268073029,Low,Food,1000,20-03-2025,MH-15,Active,TRUE,0
448701857362,Low,Pension,2000,23-04-2023,AP-19,Active,TRUE,3
376385445201,Low,Pension,2000,05-01-2026,TN-17,Active,TRUE,2
151887636462,Low,Health,5000,14-06-2025,GJ-16,Active,TRUE,2
390012926328,Low,Health,5000,26-09-2025,RJ-05,Active,TRUE,5
502423398718,Low,Pension,2000,23-01-2026,TN-05,Active,TRUE,2
334371637118,Low,Health,5000,07-04-2025,KA-12,Active,TRUE,3
133423531129,Low,Pension,2000,25-08-2023,KA-09,Active,TRUE,0
686121020011,Low,Pension,2000,10-05-2025,TN-20,Active,TRUE,0
851814765068,Low,Food,1000,11-01-2026,KA-19,Active,TRUE,2
577989999109,Low,Food,1000,01-05-2025,AP-17,Active,TRUE,2
611230444211,Low,Food,1000,01-04-2024,UP-20,Active,TRUE,3
251509269044,Low,Pension,2000,27-01-2024,UP-20,Active,TRUE,4
323918648689,Low,Food,1000,20-10-2025,DL-03,Active,TRUE,5
376649903252,Low,Food,1000,06-09-2024,DL-09,Active,TRUE,1
939491319981,Low,Pension,2000,24-10-2025,MP-11,Active,TRUE,2
859393056366,Low,Health,5000,09-11-2025,TN-19,Active,TRUE,2
410758834887,Low,Food,1000,02-02-2025,MP-10,Active,TRUE,1
438423380896,Low,Health,5000,10-07-2025,AP-03,Active,TRUE,0
865712789414,Low,Pension,2000,13-06-2025,TN-13,Active,TRUE,5
141009340301,Low,Pension,2000,18-02-2024,TN-09,Active,TRUE,2
483003265296,Low,Food,1000,08-05-2025,MP-17,Active,TRUE,5
846170146913,Low,Pension,2000,05-02-2023,AP-20,Active,TRUE,4
453159042505,Low,Food,1000,04-02-2023,MP-01,Active,TRUE,2
537985867503,Low,Health,5000,26-06-2023,GJ-04,Active,TRUE,3
384628644743,Low,Health,5000,15-07-2025,UP-14,Active,TRUE,2
986681301998,Low,Pension,2000,24-03-2023,MH-06,Active,TRUE,4
518775955325,Low,Food,1000,03-01-2025,WB-12,Active,TRUE,4
848776506710,Low,Pension,2000,04-04-2024,UP-09,Active,TRUE,0
110721897352,Low,Health,5000,09-12-2024,AP-16,Active,TRUE,2
865226740379,Low,Health,5000,13-02-2025,MP-05,Active,TRUE,2
611863574192,Low,Health,5000,25-04-2025,RJ-20,Active,TRUE,0
348174371760,Low,Health,5000,14-03-2024,DL-19,Active,TRUE,2
646026919465,Low,Pension,2000,06-08-2024,KA-20,Active,TRUE,5
329899244390,Low,Pension,2000,17-07-2024,MH-13,Active,TRUE,3
844230771711,Low,Food,1000,26-02-2025,TN-15,Active,TRUE,5
516679719164,Low,Pension,2000,23-06-2023,KA-20,Active,TRUE,5
923434747219,Low,Health,5000,06-05-2025,DL-17,Active,TRUE,2
682439333044,Low,Food,1000,07-03-2025,GJ-01,Active,TRUE,2
660887235741,Low,Health,5000,16-05-2024,UP-07,Active,TRUE,4
728455958900,Low,Health,5000,03-12-2023,MH-16,Active,TRUE,1
762999963486,Low,Food,1000,22-12-2023,RJ-16,Active,TRUE,3
548228058398,Low,Pension,2000,10-08-2024,TN-17,Active,TRUE,0
336407268368,Low,Food,1000,07-01-2024,UP-03,Active,TRUE,3
321572930562,Low,Food,1000,25-08-2023,WB-04,Active,TRUE,4
808951371438,Low,Pension,2000,08-07-2025,AP-15,Active,TRUE,1
938701124258,Low,Pension,2000,26-02-2024,TN-12,Active,TRUE,5
678578731029,Low,Pension,2000,08-09-2025,TN-11,Active,TRUE,2
544288916198,Low,Pension,2000,25-07-2024,AP-06,Active,TRUE,3
564104712787,Low,Health,5000,26-03-2024,KA-18,Active,TRUE,5
539108671126,Low,Pension,2000,02-08-2024,WB-06,Active,TRUE,4
513099497484,Low,Health,5000,15-05-2023,TN-13,Active,TRUE,3
805283990154,Low,Pension,2000,26-03-2025,DL-13,Active,TRUE,4
614111422819,Low,Health,5000,25-11-2024,RJ-06,Active,TRUE,2
334962233826,Low,Food,1000,29-08-2023,KA-06,Active,TRUE,3
761994388808,Low,Pension,2000,02-03-2023,AP-05,Active,TRUE,0
901791557765,Low,Pension,2000,26-12-2023,AP-11,Active,TRUE,3
466124656493,Low,Health,5000,24-06-2024,AP-15,Active,TRUE,3
629647851150,Low,Pension,2000,16-01-2026,DL-18,Active,TRUE,5
646818313016,Low,Health,5000,07-09-2023,AP-07,Active,TRUE,3
498307133607,Low,Food,1000,02-05-2024,WB-16,Active,TRUE,4
812299811391,Low,Food,1000,18-09-2024,AP-18,Active,TRUE,3
597938789479,Low,Pension,2000,26-02-2025,AP-17,Active,TRUE,2
908029688225,Low,Pension,2000,14-09-2023,GJ-18,Active,TRUE,0
182790786470,Low,Food,1000,25-02-2023,UP-07,Active,TRUE,1
536340995135,Low,Pension,2000,14-09-2024,MP-06,Active,TRUE,1
916891709413,Low,Food,1000,03-02-2024,KA-18,Active,TRUE,5
622627211512,Low,Food,1000,27-01-2024,GJ-04,Active,TRUE,4
181235959102,Low,Health,5000,25-09-2023,WB-18,Active,TRUE,5
246014951245,Low,Food,1000,28-06-2024,MP-17,Active,TRUE,0
939381839125,Low,Health,5000,01-05-2025,AP-20,Active,TRUE,2
425661446394,Low,Food,1000,17-01-2023,DL-13,Active,TRUE,2
308702048955,Low,Pension,2000,09-04-2024,UP-07,Active,TRUE,5
227471629597,Low,Pension,2000,06-02-2026,KA-12,Active,TRUE,4
216881296324,Low,Food,1000,03-12-2023,UP-14,Active,TRUE,3
834762686854,Low,Health,5000,04-04-2024,UP-07,Active,TRUE,3
878145744256,Low,Health,5000,08-05-2023,DL-06,Active,TRUE,0
910436216619,Low,Pension,2000,13-04-2024,KA-19,Active,TRUE,1
583084366956,Low,Health,5000,25-08-2025,UP-18,Active,TRUE,0
235994865484,Low,Pension,2000,31-03-2023,GJ-06,Active,TRUE,0
552481124863,Low,Food,1000,18-05-2024,MH-04,Active,TRUE,4
486234681814,Low,Health,5000,26-05-2024,AP-01,Active,TRUE,3
627876502946,Low,Food,1000,03-02-2026,AP-01,Active,TRUE,2
252240169982,Low,Health,5000,05-04-2024,MH-11,Active,TRUE,1
745488637691,Low,Health,5000,27-07-2025,WB-08,Active,TRUE,4
849292098189,Low,Pension,2000,15-04-2024,UP-12,Active,TRUE,0
714131041288,Low,Pension,2000,20-02-2025,DL-03,Active,TRUE,3
988498723166,Low,Pension,2000,18-09-2025,AP-07,Active,TRUE,5
656524356605,Low,Pension,2000,15-10-2023,MP-17,Active,TRUE,4
276014767656,Low,Health,5000,30-03-2025,DL-10,Active,TRUE,4
636551907382,Low,Pension,2000,14-10-2023,MP-09,Active,TRUE,0
513735073293,Low,Pension,2000,01-06-2024,AP-13,Active,TRUE,5
284736437844,Low,Pension,2000,10-02-2023,DL-20,Active,TRUE,3
573914226829,Low,Pension,2000,16-07-2025,UP-01,Active,TRUE,1
567856400544,Low,Health,5000,05-05-2025,MP-08,Active,TRUE,5
292014858734,Low,Pension,2000,09-09-2025,RJ-04,Active,TRUE,4
514030248463,Low,Pension,2000,25-05-2023,MH-03,Active,TRUE,5
885507707891,Low,Health,5000,28-06-2024,UP-15,Active,TRUE,2
908125616130,Low,Pension,2000,31-01-2025,UP-13,Active,TRUE,5
693787884297,Low,Food,1000,20-09-2023,RJ-18,Active,TRUE,3
359615298395,Low,Health,5000,18-02-2024,RJ-11,Active,TRUE,4
717392632983,Low,Pension,2000,07-11-2023,RJ-20,Active,TRUE,3
637981074863,Low,Food,1000,07-02-2026,RJ-09,Active,TRUE,1
743380702849,Low,Health,5000,10-03-2024,DL-07,Active,TRUE,2
786622158834,Low,Food,1000,12-06-2025,TN-12,Active,TRUE,2
236243608114,Low,Pension,2000,21-11-2024,AP-03,Active,TRUE,3
935007537080,Low,Pension,2000,05-08-2025,DL-18,Active,TRUE,4
624821152502,Low,Food,1000,04-10-2025,MP-19,Active,TRUE,1
361000439048,Low,Food,1000,29-04-2023,WB-10,Active,TRUE,2
276102009607,Low,Health,5000,08-02-2023,MH-12,Active,TRUE,2
229109852202,Low,Food,1000,25-06-2023,MH-17,Active,TRUE,5
280362303012,Low,Food,1000,13-10-2023,MH-09,Active,TRUE,0
893198759202,Low,Food,1000,03-03-2023,GJ-15,Active,TRUE,2
772839012752,Low,Food,1000,28-02-2024,DL-09,Active,TRUE,5
409190759533,Low,Pension,2000,11-02-2024,GJ-11,Active,TRUE,2
991851263625,Low,Pension,2000,26-08-2025,UP-08,Active,TRUE,0
321494792783,Low,Food,1000,05-04-2024,DL-12,Active,TRUE,2
934752643023,Low,Health,5000,22-03-2023,AP-09,Active,TRUE,2
274589629536,Low,Health,5000,03-07-2023,RJ-18,Active,TRUE,1
184858153591,Low,Health,5000,08-10-2025,MP-06,Active,TRUE,1
783811499981,Low,Health,5000,03-10-2025,UP-16,Active,TRUE,0
972663239001,Low,Food,1000,30-09-2025,GJ-02,Active,TRUE,2
440447589205,Low,Pension,2000,17-02-2026,DL-14,Active,TRUE,0
312674641103,Low,Health,5000,19-09-2025,KA-08,Active,TRUE,1
779285704661,Low,Food,1000,19-02-2025,RJ-03,Active,TRUE,5
758246981408,Low,Health,5000,16-05-2023,WB-17,Active,TRUE,5
143812776574,Low,Health,5000,01-12-2023,AP-16,Active,TRUE,2
614434853738,Low,Food,1000,02-06-2024,MP-13,Active,TRUE,1
152516704242,Low,Pension,2000,16-10-2023,MP-19,Active,TRUE,0
663896443293,Low,Food,1000,01-05-2025,AP-08,Active,TRUE,5
685678629626,Low,Food,1000,17-01-2023,MH-15,Active,TRUE,5
518717466301,Low,Pension,2000,04-02-2023,DL-04,Active,TRUE,3
678968062641,Low,Pension,2000,16-02-2024,GJ-15,Active,TRUE,2
236427315441,Low,Pension,2000,06-07-2025,GJ-01,Active,TRUE,1
763396907234,Low,Food,1000,08-05-2025,KA-09,Active,TRUE,0
600790052846,Low,Pension,2000,04-06-2024,GJ-12,Active,TRUE,5
289617242034,Low,Pension,2000,03-12-2025,KA-19,Active,TRUE,4
947441566251,Low,Food,1000,18-11-2025,WB-18,Active,TRUE,1
667511450313,Low,Health,5000,30-03-2023,AP-01,Active,TRUE,4
360123025475,Low,Food,1000,29-07-2024,MP-07,Active,TRUE,2
515799592706,Low,Pension,2000,27-12-2023,MH-03,Active,TRUE,1
919490833646,Low,Food,1000,19-09-2025,WB-10,Active,TRUE,2
220346132609,Low,Pension,2000,25-09-2024,MP-20,Active,TRUE,2
855673207073,Low,Food,1000,22-11-2024,KA-17,Active,TRUE,0
322576399674,Low,Pension,2000,04-10-2024,DL-11,Active,TRUE,3
397128203175,Low,Pension,2000,05-03-2023,GJ-01,Active,TRUE,2
686760202502,Low,Pension,2000,10-03-2025,AP-03,Active,TRUE,4
416064042699,Low,Health,5000,25-03-2025,WB-05,Active,TRUE,5
276274326430,Low,Food,1000,10-01-2026,RJ-10,Active,TRUE,4
966074788223,Low,Pension,2000,13-04-2024,GJ-05,Active,TRUE,2
808101699158,Low,Pension,2000,06-09-2024,RJ-14,Active,TRUE,4
794060674203,Low,Food,1000,29-03-2023,WB-10,Active,TRUE,0
541930258456,Low,Food,1000,07-06-2025,AP-19,Active,TRUE,2
874391767337,Low,Health,5000,14-06-2023,AP-02,Active,TRUE,3
842925487935,Low,Pension,2000,07-06-2024,GJ-16,Active,TRUE,2
649469413845,Low,Food,1000,31-08-2024,TN-05,Active,TRUE,4
878472036790,Low,Pension,2000,28-05-2023,UP-20,Active,TRUE,4
595633892542,Low,Pension,2000,26-01-2023,WB-04,Active,TRUE,2
691194761587,Low,Health,5000,31-12-2025,DL-07,Active,TRUE,0
825812676830,Low,Health,5000,21-11-2025,UP-17,Active,TRUE,5
624325516569,Low,Pension,2000,09-05-2023,WB-05,Active,TRUE,0
901836451556,Low,Food,1000,03-01-2023,UP-16,Active,TRUE,4
419789881363,Low,Pension,2000,25-03-2025,UP-13,Active,TRUE,1
433312851235,Low,Pension,2000,23-06-2024,UP-20,Active,TRUE,4
604735341566,Low,Pension,2000,23-02-2023,TN-03,Active,TRUE,0
751775209423,Low,Health,5000,24-09-2023,UP-19,Active,TRUE,1
659679466357,Low,Food,1000,26-11-2025,KA-09,Active,TRUE,1
484079977967,Low,Pension,2000,09-11-2025,KA-12,Active,TRUE,1
581299074614,Low,Pension,2000,26-09-2023,DL-15,Active,TRUE,2
539077802959,Low,Health,5000,11-12-2025,KA-20,Active,TRUE,1
407604548434,Low,Food,1000,05-02-2024,RJ-16,Active,TRUE,4
892337446099,Low,Pension,2000,02-12-2025,MH-01,Active,TRUE,1
932547845283,Low,Pension,2000,20-02-2023,DL-03,Active,TRUE,5
926500111435,Low,Health,5000,21-05-2023,DL-19,Active,TRUE,0
593506819142,Low,Pension,2000,10-05-2025,UP-06,Active,TRUE,3
740644069719,Low,Pension,2000,20-01-2026,DL-12,Active,TRUE,2
295635334911,Low,Food,1000,05-05-2024,TN-05,Active,TRUE,0
317173398401,Low,Health,5000,29-07-2025,AP-17,Active,TRUE,5
733709505971,Low,Food,1000,25-09-2023,KA-12,Active,TRUE,2
736908736432,Low,Health,5000,25-06-2024,DL-20,Active,TRUE,1
415726890569,Low,Food,1000,24-02-2024,AP-01,Active,TRUE,5
525762731551,Low,Food,1000,15-08-2025,DL-13,Active,TRUE,4
644984109460,Low,Health,5000,17-02-2024,WB-01,Active,TRUE,2
338532291360,Low,Pension,2000,05-10-2023,TN-04,Active,TRUE,0
632377716441,Low,Pension,2000,31-05-2025,MH-01,Active,TRUE,0
847881974836,Low,Pension,2000,16-01-2023,KA-09,Active,TRUE,5
500171440613,Low,Food,1000,01-06-2023,RJ-02,Active,TRUE,5
819198681992,Low,Pension,2000,21-09-2024,GJ-06,Active,TRUE,3
486733777220,Low,Food,1000,16-08-2023,GJ-13,Active,TRUE,1
306013876025,Low,Food,1000,10-03-2025,AP-05,Active,TRUE,4
461299482208,Low,Pension,2000,30-06-2024,KA-04,Active,TRUE,2
770763770821,Low,Health,5000,28-01-2024,MP-04,Active,TRUE,1
690341604607,Low,Food,1000,02-10-2025,GJ-01,Active,TRUE,2
663071071075,Low,Health,5000,08-04-2025,MH-16,Active,TRUE,4
286185074836,Low,Food,1000,21-11-2023,TN-20,Active,TRUE,5
984425174702,Low,Food,1000,01-08-2023,WB-12,Active,TRUE,5
859374378398,Low,Food,1000,06-02-2025,DL-19,Active,TRUE,3
962671391942,Low,Health,5000,30-09-2023,WB-08,Active,TRUE,4
840750463956,Low,Pension,2000,15-04-2024,MH-15,Active,TRUE,2
535642505941,Low,Pension,2000,25-04-2024,DL-05,Active,TRUE,3
196645479183,Low,Pension,2000,05-01-2024,MP-07,Active,TRUE,0
362566888591,Low,Health,5000,26-02-2025,WB-18,Active,TRUE,5
625941090134,Low,Pension,2000,01-10-2023,GJ-16,Active,TRUE,3
970905374757,Low,Health,5000,15-03-2025,WB-19,Active,TRUE,1
923632705212,Low,Pension,2000,27-03-2024,TN-17,Active,TRUE,2
163747016232,Low,Food,1000,12-11-2023,MH-14,Active,TRUE,0
280490478705,Low,Pension,2000,13-05-2025,MP-05,Active,TRUE,4
113099943101,Low,Health,5000,20-10-2024,GJ-03,Active,TRUE,1
562916039185,Low,Food,1000,12-11-2023,GJ-10,Active,TRUE,3
726797291027,Low,Food,1000,31-12-2025,UP-16,Active,TRUE,2
375599340132,Low,Pension,2000,11-04-2025,MH-17,Active,TRUE,4
258948438051,Low,Health,5000,06-05-2024,WB-19,Active,TRUE,2
491786797080,Low,Pension,2000,03-10-2024,KA-11,Active,TRUE,0
323466567333,Low,Health,5000,19-02-2025,MP-10,Active,TRUE,0
639284707297,Low,Health,5000,29-04-2023,KA-13,Active,TRUE,2
282281892940,Low,Pension,2000,04-03-2025,UP-06,Active,TRUE,0
455948737337,Low,Health,5000,26-09-2024,MP-15,Active,TRUE,1
549634214079,Low,Health,5000,03-10-2024,TN-16,Active,TRUE,3
121088608210,Low,Pension,2000,15-07-2025,TN-09,Active,TRUE,1
388584436151,Low,Pension,2000,01-02-2024,AP-07,Active,TRUE,2
622823607445,Low,Food,1000,12-11-2025,UP-15,Active,TRUE,0
310857155543,Low,Food,1000,29-09-2025,TN-18,Active,TRUE,0
838871680601,Low,Health,5000,10-10-2025,MP-01,Active,TRUE,1
315199282125,Low,Health,5000,05-08-2023,MP-04,Active,TRUE,0
266734709011,Low,Pension,2000,20-02-2023,UP-12,Active,TRUE,5
658835818900,Low,Pension,2000,23-12-2025,WB-03,Active,TRUE,2
146906432068,Low,Food,1000,17-10-2024,RJ-12,Active,TRUE,4
719815597929,Low,Health,5000,16-08-2024,MP-14,Active,TRUE,1
198612092880,Low,Pension,2000,06-01-2024,GJ-11,Active,TRUE,1
612507665650,Low,Health,5000,06-03-2024,DL-15,Active,TRUE,2
438448454389,Low,Food,1000,19-02-2023,GJ-02,Active,TRUE,0
803129258339,Low,Health,5000,04-05-2025,AP-14,Active,TRUE,1
616267029443,Low,Food,1000,11-06-2025,TN-10,Active,TRUE,4
769831018311,Low,Pension,2000,02-12-2023,WB-13,Active,TRUE,2
932351740105,Low,Pension,2000,06-07-2023,GJ-16,Active,TRUE,3
428685924735,Low,Food,1000,03-05-2023,AP-10,Active,TRUE,1
558491612254,Low,Health,5000,02-04-2023,GJ-02,Active,TRUE,3
264573686365,Low,Food,1000,29-07-2024,DL-11,Active,TRUE,0
778026053429,Low,Food,1000,01-05-2024,DL-05,Active,TRUE,3
459072176466,Low,Health,5000,19-12-2024,MP-14,Active,TRUE,1
944801608089,Low,Pension,2000,14-10-2023,UP-08,Active,TRUE,0
320368280904,Low,Health,5000,20-09-2025,RJ-11,Active,TRUE,5
527425297598,Low,Pension,2000,12-03-2023,RJ-07,Active,TRUE,1
625527250016,Low,Pension,2000,02-04-2023,AP-16,Active,TRUE,5
485892542680,Low,Health,5000,28-03-2024,AP-16,Active,TRUE,1
288433963179,Low,Health,5000,02-12-2024,AP-09,Active,TRUE,1
662727922769,Low,Pension,2000,15-10-2025,MP-15,Active,TRUE,4
398416611450,Low,Pension,2000,01-08-2023,DL-14,Active,TRUE,4
642724350495,Low,Pension,2000,29-11-2025,AP-13,Active,TRUE,0
355025646810,Low,Food,1000,06-10-2025,KA-15,Active,TRUE,5
827899815858,Low,Food,1000,24-08-2024,KA-15,Active,TRUE,2
191423535706,Low,Pension,2000,05-03-2023,RJ-05,Active,TRUE,2
110686268661,Low,Food,1000,30-12-2025,TN-06,Active,TRUE,2
118961761945,Low,Health,5000,09-12-2023,MH-15,Active,TRUE,5
415690399649,Low,Pension,2000,16-04-2023,TN-16,Active,TRUE,3
571355218372,Low,Food,1000,24-10-2024,UP-10,Active,TRUE,5
889721826866,Low,Health,5000,13-06-2023,UP-11,Active,TRUE,5
909800879987,Low,Food,1000,28-07-2024,MP-13,Active,TRUE,1
737150064241,Low,Food,1000,02-07-2024,TN-02,Active,TRUE,4
721832558793,Low,Food,1000,31-07-2025,UP-02,Active,TRUE,5
415513904268,Low,Pension,2000,13-06-2024,UP-08,Active,TRUE,0
358582915075,Low,Health,5000,24-04-2025,MP-02,Active,TRUE,1
463530344090,Low,Health,5000,08-09-2024,UP-05,Active,TRUE,0
891563548318,Low,Pension,2000,24-07-2025,GJ-10,Active,TRUE,0
210299387989,Low,Food,1000,20-10-2025,DL-08,Active,TRUE,2
431390986033,Low,Food,1000,03-03-2025,DL-10,Active,TRUE,3
740527822704,Low,Health,5000,05-10-2023,KA-02,Active,TRUE,2
947829038594,Low,Health,5000,11-11-2024,RJ-06,Active,TRUE,3
340996969857,Low,Health,5000,10-05-2023,AP-11,Active,TRUE,5
923402498287,Low,Food,1000,31-12-2023,AP-07,Active,TRUE,1
828528817620,Low,Food,1000,26-10-2025,RJ-05,Active,TRUE,1
911749105133,Low,Food,1000,17-01-2025,DL-05,Active,TRUE,1
328821279282,Low,Pension,2000,09-09-2024,UP-13,Active,TRUE,4
645242526438,Low,Health,5000,15-12-2023,KA-16,Active,TRUE,0
837045243901,Low,Health,5000,10-05-2024,MH-08,Active,TRUE,0
504420204622,Low,Health,5000,31-10-2025,RJ-07,Active,TRUE,5
629146880254,Low,Pension,2000,06-05-2023,RJ-12,Active,TRUE,5
148146380200,Low,Health,5000,19-02-2026,GJ-01,Active,TRUE,4
672279146706,Low,Food,1000,15-08-2023,RJ-09,Active,TRUE,5
554996506166,Low,Pension,2000,13-08-2024,KA-02,Active,TRUE,1
213627088475,Low,Food,1000,21-07-2025,TN-01,Active,TRUE,5
162533311580,Low,Food,1000,28-09-2024,MH-04,Active,TRUE,1
876356725813,Low,Food,1000,24-03-2025,WB-05,Active,TRUE,0
565447290904,Low,Food,1000,18-11-2024,TN-10,Active,TRUE,1
516026275745,Low,Health,5000,09-11-2023,MH-12,Active,TRUE,3
929043431711,Low,Health,5000,20-07-2023,UP-02,Active,TRUE,3
531758480474,Low,Health,5000,28-08-2023,WB-19,Active,TRUE,0
765744135188,Low,Food,1000,16-04-2024,KA-12,Active,TRUE,3
604647455856,Low,Health,5000,11-06-2024,AP-05,Active,TRUE,3
293078109034,Low,Food,1000,16-12-2023,TN-01,Active,TRUE,4
196122866553,Low,Pension,2000,17-01-2025,TN-12,Active,TRUE,1
842944113044,Low,Pension,2000,21-07-2024,RJ-05,Active,TRUE,4
397258835066,Low,Health,5000,21-05-2023,WB-14,Active,TRUE,0
530353604748,Low,Pension,2000,14-01-2024,MH-04,Active,TRUE,0
799323735406,Low,Health,5000,20-02-2025,MP-06,Active,TRUE,3
496828067358,Low,Health,5000,29-08-2025,DL-11,Active,TRUE,1
210899479261,Low,Health,5000,14-07-2025,DL-10,Active,TRUE,1
474559100800,Low,Pension,2000,07-02-2024,MH-17,Active,TRUE,1
231212866236,Low,Pension,2000,25-02-2024,KA-03,Active,TRUE,1
140859113302,Low,Health,5000,24-04-2023,WB-09,Active,TRUE,3
410740063227,Low,Pension,2000,26-04-2025,UP-13,Active,TRUE,4
436615329783,Low,Pension,2000,13-05-2024,DL-18,Active,TRUE,2
220432744338,Low,Health,5000,20-08-2023,MH-19,Active,TRUE,5
490080819706,Low,Food,1000,02-02-2025,AP-07,Active,TRUE,4
546886763894,Low,Health,5000,25-09-2024,KA-13,Active,TRUE,5
988150946606,Low,Food,1000,12-08-2025,RJ-03,Active,TRUE,0
860673713795,Low,Health,5000,19-09-2023,GJ-17,Active,TRUE,1
524895304483,Low,Pension,2000,16-05-2024,TN-12,Active,TRUE,2
435626683315,Low,Pension,2000,26-07-2024,WB-13,Active,TRUE,5
568493979795,Low,Health,5000,29-08-2025,DL-20,Active,TRUE,4
995706261905,Low,Food,1000,02-11-2024,GJ-18,Active,TRUE,2
998372021817,Low,Food,1000,16-07-2024,DL-02,Active,TRUE,3
545234342177,Low,Pension,2000,22-06-2025,MH-01,Active,TRUE,4
953955033422,Low,Food,1000,30-01-2023,RJ-06,Active,TRUE,1
468453274593,Low,Health,5000,23-01-2025,TN-13,Active,TRUE,3
487797961844,Low,Pension,2000,13-12-2025,GJ-07,Active,TRUE,3
932000341929,Low,Health,5000,02-11-2023,KA-17,Active,TRUE,3
413067679488,Low,Pension,2000,05-01-2024,MH-08,Active,TRUE,2
347462803667,Low,Food,1000,04-12-2024,RJ-07,Active,TRUE,1
425334008995,Low,Pension,2000,13-01-2026,MH-05,Active,TRUE,1
541168765285,Low,Food,1000,20-01-2023,TN-02,Active,TRUE,3
809227602304,Low,Pension,2000,14-04-2023,UP-07,Active,TRUE,4
650150192961,Low,Health,5000,14-01-2024,DL-20,Active,TRUE,1
173240006505,Low,Food,1000,08-06-2024,UP-10,Active,TRUE,1
743642649044,Low,Food,1000,24-02-2024,MP-08,Active,TRUE,1
628830253399,Low,Pension,2000,16-10-2024,KA-06,Active,TRUE,5
971897776220,Low,Pension,2000,17-07-2023,GJ-08,Active,TRUE,1
855726372067,Low,Food,1000,10-03-2023,UP-20,Active,TRUE,0
984691417003,Low,Pension,2000,18-07-2023,TN-18,Active,TRUE,4
489944262956,Low,Health,5000,06-11-2023,RJ-14,Active,TRUE,5
355222612641,Low,Pension,2000,25-07-2025,MP-11,Active,TRUE,0
789550091499,Low,Food,1000,12-05-2024,UP-07,Active,TRUE,3
601464919704,Low,Food,1000,02-08-2025,AP-20,Active,TRUE,5
328235633418,Low,Food,1000,22-12-2023,MP-09,Active,TRUE,5
627863961631,Low,Pension,2000,15-11-2023,MP-17,Active,TRUE,1
616183919991,Low,Food,1000,20-09-2025,TN-14,Active,TRUE,0
112845996639,Low,Pension,2000,13-10-2023,WB-17,Active,TRUE,2
402494332827,Low,Food,1000,03-06-2025,MH-12,Active,TRUE,5
758245437826,Low,Health,5000,24-03-2025,GJ-04,Active,TRUE,5
209092982992,Low,Food,1000,15-01-2024,MP-19,Active,TRUE,4
618044307505,Low,Health,5000,24-03-2023,DL-16,Active,TRUE,3
703034710309,Low,Food,1000,18-05-2023,GJ-14,Active,TRUE,1
612048149683,Low,Health,5000,12-12-2024,MP-08,Active,TRUE,1
412221673148,Low,Health,5000,16-10-2024,DL-15,Active,TRUE,4
612949976769,Low,Health,5000,27-04-2024,TN-14,Active,TRUE,4
954030337105,Low,Pension,2000,12-04-2023,KA-01,Active,TRUE,4
476714014645,Low,Health,5000,14-04-2023,GJ-01,Active,TRUE,4
762034115513,Low,Food,1000,21-09-2023,MP-02,Active,TRUE,2
620468231248,Low,Pension,2000,15-07-2023,KA-06,Active,TRUE,1
883448232891,Low,Health,5000,04-03-2024,TN-11,Active,TRUE,1
693694117549,Low,Food,1000,06-12-2023,DL-09,Active,TRUE,5
488028419104,Low,Pension,2000,19-06-2023,TN-03,Active,TRUE,2
964444541662,Low,Health,5000,03-07-2024,AP-02,Active,TRUE,4
383090411577,Low,Health,5000,30-06-2023,UP-03,Active,TRUE,5
733273755682,Low,Health,5000,10-02-2024,GJ-15,Active,TRUE,3
323951045922,Low,Food,1000,08-04-2024,DL-18,Active,TRUE,2
818595675053,Low,Food,1000,13-01-2023,KA-08,Active,TRUE,3
587396349757,Low,Food,1000,15-06-2023,GJ-07,Active,TRUE,5
626359463028,Low,Pension,2000,01-05-2025,MP-10,Active,TRUE,0
409884691325,Low,Health,5000,14-06-2024,WB-04,Active,TRUE,2
963177885654,Low,Food,1000,21-02-2023,DL-11,Active,TRUE,2
744699648248,Low,Food,1000,13-01-2023,GJ-06,Active,TRUE,5
302494028599,Low,Food,1000,16-02-2026,WB-07,Active,TRUE,0
936794453427,Low,Health,5000,25-05-2023,DL-01,Active,TRUE,2
970999410120,Low,Pension,2000,14-08-2024,GJ-18,Active,TRUE,5
386285787703,Low,Health,5000,26-06-2024,DL-07,Active,TRUE,0
557412290030,Low,Food,1000,06-02-2025,GJ-20,Active,TRUE,0
990827191765,Low,Food,1000,16-04-2023,KA-01,Active,TRUE,3
579183594446,Low,Pension,2000,02-05-2025,KA-18,Active,TRUE,4
713836322212,Low,Pension,2000,27-09-2025,MP-09,Active,TRUE,2
349461137496,Low,Pension,2000,24-04-2025,MP-13,Active,TRUE,2
813902260333,Low,Pension,2000,09-04-2024,AP-20,Active,TRUE,1
416179934911,Low,Health,5000,08-04-2023,AP-14,Active,TRUE,2
463671532678,Low,Pension,2000,28-01-2026,WB-15,Active,TRUE,5
577414010317,Low,Food,1000,03-02-2025,MH-14,Active,TRUE,1
959626751290,Low,Pension,2000,08-01-2024,MP-20,Active,TRUE,2
224477113940,Low,Food,1000,19-03-2025,TN-11,Active,TRUE,0
637758159866,Low,Food,1000,27-01-2024,AP-09,Active,TRUE,3
862496172146,Low,Health,5000,26-07-2023,DL-11,Active,TRUE,0
870451159021,Low,Health,5000,13-02-2025,DL-18,Active,TRUE,4
972038418187,Low,Food,1000,16-09-2025,MP-10,Active,TRUE,2
702699198715,Low,Food,1000,07-10-2025,GJ-04,Active,TRUE,4
734590370285,Low,Health,5000,10-07-2024,RJ-04,Active,TRUE,2
146423045893,Low,Food,1000,06-11-2023,MH-10,Active,TRUE,4
151761438016,Low,Pension,2000,31-08-2025,TN-07,Active,TRUE,3
238964936369,Low,Pension,2000,04-02-2025,MH-06,Active,TRUE,2
315713858725,Low,Food,1000,08-12-2024,GJ-15,Active,TRUE,1
191659781897,Low,Pension,2000,08-04-2023,MH-13,Active,TRUE,1
729370204892,Low,Food,1000,31-12-2023,RJ-14,Active,TRUE,4
155591856088,Low,Health,5000,12-09-2024,MP-10,Active,TRUE,4
447299569923,Low,Food,1000,30-11-2024,MH-03,Active,TRUE,2
868420188614,Low,Pension,2000,08-05-2023,UP-04,Active,TRUE,3
686829655471,Low,Health,5000,09-07-2025,DL-15,Active,TRUE,3
467491398053,Low,Pension,2000,29-12-2025,MH-03,Active,TRUE,1
920013261873,Low,Health,5000,06-09-2024,KA-20,Active,TRUE,5
664317815291,Low,Food,1000,14-02-2023,RJ-08,Active,TRUE,4
701559698284,Low,Food,1000,25-05-2025,DL-19,Active,TRUE,3
168921483555,Low,Pension,2000,06-06-2025,AP-09,Active,TRUE,0
816990201097,Low,Pension,2000,05-01-2025,AP-01,Active,TRUE,5
801609668291,Low,Health,5000,05-01-2025,UP-11,Active,TRUE,1
544366129237,Low,Food,1000,24-03-2024,GJ-08,Active,TRUE,0
786845783897,Low,Food,1000,09-06-2025,TN-12,Active,TRUE,2
116795356595,Low,Food,1000,11-02-2024,MH-16,Active,TRUE,4
621842578854,Low,Health,5000,19-03-2025,AP-16,Active,TRUE,2
457015779383,Low,Health,5000,18-05-2025,WB-07,Active,TRUE,0
491124008732,Low,Food,1000,14-02-2024,RJ-17,Active,TRUE,1
487426081115,Low,Pension,2000,14-12-2024,WB-01,Active,TRUE,3
422482690990,Low,Food,1000,09-11-2024,MH-07,Active,TRUE,1
101371177391,Low,Pension,2000,19-01-2023,WB-12,Active,TRUE,1
787417955448,Low,Pension,2000,25-11-2025,MH-11,Active,TRUE,5
574826712272,Low,Health,5000,17-10-2025,TN-11,Active,TRUE,1
831878620944,Low,Pension,2000,09-12-2025,GJ-16,Active,TRUE,3
503857845659,Low,Health,5000,22-08-2023,DL-04,Active,TRUE,0
931981602631,Low,Food,1000,24-05-2023,UP-04,Active,TRUE,0
286907453176,Low,Pension,2000,20-11-2025,RJ-20,Active,TRUE,1
457450993125,Low,Pension,2000,22-03-2025,TN-02,Active,TRUE,5
225279378939,Low,Pension,2000,27-07-2023,DL-08,Active,TRUE,5
397418426666,Low,Pension,2000,07-02-2025,KA-14,Active,TRUE,3
876827565503,Low,Food,1000,18-03-2024,MP-11,Active,TRUE,4
377786718586,Low,Pension,2000,23-10-2025,DL-08,Active,TRUE,0
176581757931,Low,Pension,2000,19-10-2023,AP-14,Active,TRUE,0
958407892606,Low,Health,5000,29-08-2025,UP-17,Active,TRUE,2
758768338330,Low,Pension,2000,02-07-2025,TN-12,Active,TRUE,1
248531615953,Low,Health,5000,17-07-2024,RJ-14,Active,TRUE,5
995382462796,Low,Health,5000,27-11-2024,DL-03,Active,TRUE,4
199091168898,Low,Food,1000,08-01-2025,GJ-14,Active,TRUE,1
934941019495,Low,Health,5000,29-05-2023,GJ-18,Active,TRUE,3
413115882731,Low,Food,1000,26-09-2024,MH-09,Active,TRUE,3
159490650991,Low,Health,5000,15-06-2023,GJ-12,Active,TRUE,4
434931031907,Low,Food,1000,15-09-2024,KA-02,Active,TRUE,4
347078665127,Low,Food,1000,05-04-2024,TN-02,Active,TRUE,0
276017457907,Low,Pension,2000,03-08-2024,AP-19,Active,TRUE,2
933788895955,Low,Pension,2000,12-01-2025,AP-08,Active,TRUE,2
484098839492,Low,Pension,2000,01-06-2023,MP-12,Active,TRUE,1
287819264782,Low,Health,5000,24-03-2025,UP-08,Active,TRUE,5
173891075622,Low,Food,1000,23-06-2025,DL-04,Active,TRUE,1
892172437426,Low,Health,5000,06-05-2024,RJ-08,Active,TRUE,3
471396495765,Low,Food,1000,13-05-2024,DL-03,Active,TRUE,4
740812096265,Low,Health,5000,14-05-2023,TN-13,Active,TRUE,5
582043641628,Low,Pension,2000,25-08-2024,RJ-12,Active,TRUE,2
707177369127,Low,Food,1000,06-07-2023,MH-08,Active,TRUE,4
999366229259,Low,Health,5000,20-09-2023,TN-04,Active,TRUE,0
896953171816,Low,Pension,2000,25-12-2025,MP-15,Active,TRUE,4
521239249819,Low,Health,5000,29-01-2024,TN-08,Active,TRUE,5
146519260199,Low,Pension,2000,30-03-2024,RJ-14,Active,TRUE,5
362520073719,Low,Health,5000,19-02-2023,KA-04,Active,TRUE,3
763455523487,Low,Pension,2000,08-08-2023,MP-19,Active,TRUE,0
258114852628,Low,Health,5000,12-03-2024,RJ-16,Active,TRUE,0
555898072415,Low,Pension,2000,08-07-2025,UP-05,Active,TRUE,1
434161994098,Low,Food,1000,24-12-2025,WB-02,Active,TRUE,3
863655890382,Low,Pension,2000,12-11-2025,WB-11,Active,TRUE,5
911709982612,Low,Health,5000,31-07-2025,AP-11,Active,TRUE,1
322489836919,Low,Health,5000,27-04-2024,TN-10,Active,TRUE,2
154586582711,Low,Food,1000,27-05-2023,UP-18,Active,TRUE,0
978463782891,Low,Food,1000,14-03-2025,TN-12,Active,TRUE,4
975844482299,Low,Pension,2000,20-08-2024,WB-12,Active,TRUE,3
180732864095,Low,Pension,2000,09-04-2023,MH-19,Active,TRUE,1
239066908818,Low,Health,5000,02-09-2023,WB-18,Active,TRUE,3
266206032781,Low,Food,1000,25-10-2025,GJ-03,Active,TRUE,0
250362836006,Low,Pension,2000,20-01-2025,TN-17,Active,TRUE,3
415324735980,Low,Health,5000,30-07-2024,GJ-07,Active,TRUE,3
222224391187,Low,Pension,2000,16-09-2023,GJ-18,Active,TRUE,4
425124909971,Low,Pension,2000,06-04-2023,DL-20,Active,TRUE,0
415017085630,Low,Food,1000,20-08-2025,DL-09,Active,TRUE,0
519473443965,Low,Food,1000,14-07-2024,GJ-08,Active,TRUE,4
105348725348,Low,Food,1000,13-07-2025,AP-13,Active,TRUE,3
888281897632,Low,Food,1000,14-07-2025,MH-18,Active,TRUE,2
471793658491,Low,Health,5000,23-04-2025,MP-02,Active,TRUE,0
603084705032,Low,Health,5000,25-12-2023,RJ-07,Active,TRUE,4
666539226787,Low,Health,5000,08-02-2025,GJ-01,Active,TRUE,0
679657931514,Low,Food,1000,16-09-2024,MP-18,Active,TRUE,1
234061391170,Low,Food,1000,17-12-2024,MP-07,Active,TRUE,1
882352192875,Low,Pension,2000,19-05-2025,DL-13,Active,TRUE,5
296125349910,Low,Health,5000,23-03-2025,UP-13,Active,TRUE,0
649022968732,Low,Health,5000,29-09-2023,RJ-09,Active,TRUE,1
736159813143,Low,Health,5000,29-11-2024,MH-10,Active,TRUE,5
118170662658,Low,Pension,2000,11-10-2024,RJ-03,Active,TRUE,2
304015387041,Low,Pension,2000,17-07-2024,UP-16,Active,TRUE,5
196774490746,Low,Health,5000,25-12-2023,KA-13,Active,TRUE,3
239383756902,Low,Pension,2000,29-11-2023,MH-12,Active,TRUE,5
324129437402,Low,Food,1000,08-12-2024,MH-19,Active,TRUE,5
701515506741,Low,Pension,2000,08-06-2024,AP-14,Active,TRUE,5
186378482464,Low,Pension,2000,23-12-2023,AP-06,Active,TRUE,0
265987190758,Low,Food,1000,17-07-2023,WB-19,Active,TRUE,0
621714346650,Low,Food,1000,04-10-2025,UP-14,Active,TRUE,5
583281133346,Low,Food,1000,18-06-2024,KA-09,Active,TRUE,4
200118344516,Low,Food,1000,22-02-2024,RJ-16,Active,TRUE,1
137182047605,Low,Pension,2000,11-08-2025,WB-19,Active,TRUE,2
156663244053,Low,Pension,2000,11-08-2025,MH-10,Active,TRUE,3
227140454105,Low,Health,5000,19-03-2024,KA-13,Active,TRUE,0
503472541730,Low,Health,5000,07-02-2026,RJ-12,Active,TRUE,2
177965745214,Low,Pension,2000,14-06-2023,MH-07,Active,TRUE,4
638994617887,Low,Food,1000,17-04-2023,UP-17,Active,TRUE,5
136942830843,Low,Pension,2000,01-06-2023,KA-01,Active,TRUE,5
727907400838,Low,Health,5000,03-08-2025,MP-19,Active,TRUE,2
758041333331,Low,Health,5000,12-05-2024,KA-08,Active,TRUE,3
108669570970,Low,Health,5000,06-01-2025,MP-03,Active,TRUE,4
379613550086,Low,Food,1000,06-11-2024,KA-01,Active,TRUE,1
957208272598,Low,Health,5000,30-09-2025,RJ-07,Active,TRUE,0
842847349283,Low,Pension,2000,03-01-2025,RJ-03,Active,TRUE,3
363986382769,Low,Food,1000,13-11-2024,TN-09,Active,TRUE,2
737531354008,Low,Food,1000,01-06-2024,WB-10,Active,TRUE,2
929005105979,Low,Food,1000,20-07-2023,WB-16,Active,TRUE,3
174166558715,Low,Pension,2000,29-01-2026,KA-18,Active,TRUE,1
384070085837,Low,Health,5000,13-12-2024,KA-12,Active,TRUE,2
631945677848,Low,Pension,2000,13-11-2023,AP-10,Active,TRUE,1
455449680134,Low,Health,5000,27-04-2023,RJ-14,Active,TRUE,3
551830589455,Low,Pension,2000,18-08-2024,RJ-06,Active,TRUE,4
664325173405,Low,Food,1000,16-10-2025,KA-08,Active,TRUE,2
559276108343,Low,Food,1000,26-01-2024,KA-17,Active,TRUE,0
243850040644,Low,Health,5000,14-04-2025,GJ-12,Active,TRUE,5
497214410902,Low,Health,5000,19-11-2025,UP-02,Active,TRUE,1
532733853451,Low,Pension,2000,18-02-2024,MP-15,Active,TRUE,5
871205998416,Low,Health,5000,23-11-2025,TN-06,Active,TRUE,0
352290084218,Low,Health,5000,17-03-2025,RJ-04,Active,TRUE,3
256103789132,Low,Health,5000,25-12-2025,MH-09,Active,TRUE,0
241130554994,Low,Pension,2000,09-11-2025,AP-16,Active,TRUE,1
381293114202,Low,Pension,2000,31-05-2023,MH-06,Active,TRUE,5
310312870031,Low,Pension,2000,22-09-2023,MP-07,Active,TRUE,1
818525205883,Low,Food,1000,06-04-2025,TN-10,Active,TRUE,5
681551300874,Low,Health,5000,10-03-2024,MH-16,Active,TRUE,3
134962945215,Low,Pension,2000,22-09-2024,DL-18,Active,TRUE,0
317745415041,Low,Pension,2000,29-04-2025,MH-16,Active,TRUE,4
264308238765,Low,Health,5000,10-04-2025,UP-07,Active,TRUE,1
377478805336,Low,Health,5000,04-03-2024,WB-07,Active,TRUE,1
187957541222,Low,Health,5000,11-09-2023,RJ-18,Active,TRUE,5
639786045020,Low,Food,1000,18-09-2025,RJ-20,Active,TRUE,0
412513345381,Low,Health,5000,27-12-2023,AP-19,Active,TRUE,0
406796800589,Low,Health,5000,15-02-2026,KA-10,Active,TRUE,0
104429266605,Low,Pension,2000,30-10-2025,TN-13,Active,TRUE,1
961695558398,Low,Health,5000,27-03-2023,TN-15,Active,TRUE,0
953323255142,Low,Food,1000,30-10-2024,WB-13,Active,TRUE,5
381078237102,Low,Pension,2000,20-07-2025,GJ-18,Active,TRUE,1
763126732167,Low,Food,1000,26-10-2023,MH-06,Active,TRUE,5
705972415424,Low,Pension,2000,23-11-2023,DL-12,Active,TRUE,2
844915720502,Low,Health,5000,25-05-2024,UP-06,Active,TRUE,1
169962279935,Low,Health,5000,29-06-2025,UP-08,Active,TRUE,2
661747962130,Low,Food,1000,20-12-2025,RJ-20,Active,TRUE,5
996436468171,Low,Health,5000,05-12-2024,UP-14,Active,TRUE,2
823604863963,Low,Pension,2000,08-05-2025,GJ-16,Active,TRUE,3
112019682556,Low,Pension,2000,15-09-2025,MP-07,Active,TRUE,1
594799743217,Low,Food,1000,20-03-2024,UP-04,Active,TRUE,2
763020597604,Low,Health,5000,18-12-2025,UP-16,Active,TRUE,3
465722482903,Low,Health,5000,02-11-2023,UP-04,Active,TRUE,5
129007922146,Low,Pension,2000,18-05-2025,MP-12,Active,TRUE,3
499088891256,Low,Food,1000,30-11-2023,MH-12,Active,TRUE,0
986711675723,Low,Health,5000,19-12-2025,GJ-19,Active,TRUE,4
479521860112,Low,Food,1000,18-07-2024,RJ-13,Active,TRUE,1
364459106183,Low,Food,1000,29-06-2025,TN-11,Active,TRUE,1
740405736645,Low,Health,5000,13-07-2025,MH-19,Active,TRUE,1
526101976308,Low,Health,5000,30-10-2023,UP-10,Active,TRUE,0
311452805377,Low,Pension,2000,01-03-2024,RJ-10,Active,TRUE,3
944800202055,Low,Health,5000,11-01-2026,WB-09,Active,TRUE,4
153478793209,Low,Pension,2000,10-07-2024,MH-20,Active,TRUE,1
810839956947,Low,Health,5000,16-04-2025,MP-08,Active,TRUE,2
678024258187,Low,Food,1000,06-01-2023,AP-12,Active,TRUE,3
329127885350,Low,Food,1000,02-08-2023,DL-20,Active,TRUE,4
531455464112,Low,Health,5000,27-12-2023,AP-10,Active,TRUE,0
261280083818,Low,Health,5000,10-12-2025,UP-15,Active,TRUE,0
211968229486,Low,Pension,2000,18-05-2025,AP-05,Active,TRUE,0
759622523217,Low,Pension,2000,01-08-2023,MP-10,Active,TRUE,4
196350915390,Low,Pension,2000,24-12-2024,AP-05,Active,TRUE,0
285655492134,Low,Food,1000,29-09-2025,AP-20,Active,TRUE,0
474252336208,Low,Health,5000,28-05-2023,UP-18,Active,TRUE,1
559166060648,Low,Food,1000,14-09-2023,MH-14,Active,TRUE,3
204384413549,Low,Food,1000,06-07-2024,GJ-20,Active,TRUE,1
986135809389,Low,Food,1000,06-01-2023,KA-01,Active,TRUE,4
468473626051,Low,Health,5000,23-02-2023,AP-04,Active,TRUE,4
819431582237,Low,Food,1000,19-04-2024,TN-05,Active,TRUE,3
746226757269,Low,Food,1000,01-03-2024,WB-05,Active,TRUE,0
264859516786,Low,Health,5000,12-11-2023,TN-07,Active,TRUE,5
936503049721,Low,Health,5000,28-08-2025,WB-06,Active,TRUE,2
657636489249,Low,Food,1000,13-05-2025,UP-17,Active,TRUE,5
365432331068,Low,Food,1000,09-01-2024,GJ-17,Active,TRUE,5
613337711968,Low,Food,1000,01-12-2024,TN-04,Active,TRUE,1
536995855701,Low,Health,5000,10-01-2024,TN-04,Active,TRUE,3
719454385166,Low,Pension,2000,07-03-2023,WB-06,Active,TRUE,1
676521772927,Low,Food,1000,11-09-2024,WB-20,Active,TRUE,0
788941881485,Low,Food,1000,16-03-2025,RJ-15,Active,TRUE,1
359784458094,Low,Food,1000,03-09-2023,MP-08,Active,TRUE,3
671161932554,Low,Health,5000,21-10-2023,AP-09,Active,TRUE,0
230316127528,Low,Health,5000,05-06-2025,MH-07,Active,TRUE,0
335374812840,Low,Pension,2000,23-01-2026,MP-03,Active,TRUE,5
661942815208,Low,Health,5000,23-02-2024,KA-12,Active,TRUE,0
649033931965,Low,Food,1000,27-05-2024,MP-15,Active,TRUE,5
326909573382,Low,Health,5000,18-05-2025,AP-10,Active,TRUE,2
391565927501,Low,Health,5000,24-11-2023,WB-12,Active,TRUE,5
478370557777,Low,Health,5000,23-01-2023,UP-02,Active,TRUE,1
457881314720,Low,Health,5000,10-05-2024,TN-02,Active,TRUE,1
739499973508,Low,Health,5000,25-11-2025,UP-18,Active,TRUE,1
847669157470,Low,Food,1000,19-09-2023,MH-12,Active,TRUE,0
443986820245,Low,Pension,2000,21-09-2023,DL-02,Active,TRUE,2
492382296955,Low,Pension,2000,14-01-2023,AP-19,Active,TRUE,5
918816893996,Low,Health,5000,21-11-2024,MH-05,Active,TRUE,2
513984109213,Low,Pension,2000,24-04-2025,DL-15,Active,TRUE,3
539433490603,Low,Pension,2000,09-02-2026,DL-10,Active,TRUE,3
758376689072,Low,Health,5000,24-08-2025,KA-07,Active,TRUE,5
218565390397,Low,Pension,2000,10-04-2025,WB-01,Active,TRUE,1
810734289538,Low,Health,5000,08-01-2023,MH-17,Active,TRUE,3
295424359064,Low,Pension,2000,12-05-2023,RJ-03,Active,TRUE,4
756882730402,Low,Food,1000,09-10-2025,AP-17,Active,TRUE,0
510217093428,Low,Health,5000,15-02-2025,WB-08,Active,TRUE,4
927986550236,Low,Health,5000,28-05-2023,MP-10,Active,TRUE,2
652943512739,Low,Pension,2000,01-10-2025,MH-16,Active,TRUE,5
198357301964,Low,Pension,2000,12-10-2023,MH-16,Active,TRUE,4
203198507107,Low,Food,1000,04-11-2024,GJ-08,Active,TRUE,2
478282567434,Low,Health,5000,29-10-2023,GJ-13,Active,TRUE,2
169693481304,Low,Food,1000,26-08-2024,MP-20,Active,TRUE,1
697656639901,Low,Health,5000,22-01-2025,UP-16,Active,TRUE,1
223363544741,Low,Food,1000,16-05-2025,RJ-08,Active,TRUE,0
980519330942,Low,Pension,2000,12-02-2026,DL-12,Active,TRUE,5
425258285926,Low,Food,1000,15-08-2023,UP-14,Active,TRUE,0
872780642468,Low,Pension,2000,16-03-2025,MH-15,Active,TRUE,1
375596483474,Low,Health,5000,11-06-2025,MH-17,Active,TRUE,1
137212274331,Low,Pension,2000,02-10-2023,UP-12,Active,TRUE,3
513284763536,Low,Food,1000,07-06-2024,TN-08,Active,TRUE,3
641115914758,Low,Pension,2000,08-02-2026,TN-02,Active,TRUE,4
748474139509,Low,Food,1000,02-07-2025,KA-18,Active,TRUE,3
215388968967,Low,Health,5000,25-04-2023,KA-08,Active,TRUE,3
204618879397,Low,Pension,2000,08-01-2026,UP-03,Active,TRUE,0
136166933908,Low,Pension,2000,19-03-2024,MH-10,Active,TRUE,3
419417422150,Low,Food,1000,25-09-2023,MH-02,Active,TRUE,1
970281753597,Low,Health,5000,01-05-2024,KA-10,Active,TRUE,3
920069241057,Low,Pension,2000,31-08-2023,MP-14,Active,TRUE,4
318819451774,Low,Health,5000,13-01-2024,AP-05,Active,TRUE,2
526874108626,Low,Food,1000,20-08-2024,MP-04,Active,TRUE,1
812470291026,Low,Health,5000,25-06-2024,KA-16,Active,TRUE,5
660454804637,Low,Pension,2000,07-06-2023,RJ-18,Active,TRUE,0
227052401346,Low,Pension,2000,07-05-2025,MP-17,Active,TRUE,5
376696049839,Low,Food,1000,12-12-2023,WB-14,Active,TRUE,2
414694154870,Low,Pension,2000,09-09-2023,MH-11,Active,TRUE,0
507437763810,Low,Food,1000,31-05-2025,MH-20,Active,TRUE,3
881735634075,Low,Food,1000,20-09-2024,AP-11,Active,TRUE,0
862605691839,Low,Food,1000,08-03-2023,MP-01,Active,TRUE,4
349787647639,Low,Health,5000,14-12-2023,MH-03,Active,TRUE,1
315415873475,Low,Pension,2000,11-07-2024,TN-03,Active,TRUE,0
816230755816,Low,Food,1000,25-08-2024,RJ-05,Active,TRUE,3
621231308731,Low,Food,1000,08-01-2026,RJ-13,Active,TRUE,5
556062449013,Low,Health,5000,24-06-2025,TN-14,Active,TRUE,2
666644707425,Low,Health,5000,11-11-2024,GJ-08,Active,TRUE,2
287564570029,Low,Pension,2000,03-11-2023,MP-13,Active,TRUE,3
226538237735,Low,Pension,2000,25-03-2025,MP-07,Active,TRUE,0
438118993014,Low,Pension,2000,15-09-2024,RJ-03,Active,TRUE,4
273682915353,Low,Pension,2000,25-03-2023,AP-13,Active,TRUE,1
994110809611,Low,Health,5000,03-09-2025,KA-04,Active,TRUE,3
728451027181,Low,Food,1000,01-03-2023,DL-20,Active,TRUE,3
724829597107,Low,Pension,2000,20-12-2023,WB-04,Active,TRUE,1
789848572596,Low,Health,5000,07-06-2024,UP-10,Active,TRUE,1
757908317974,Low,Health,5000,13-03-2024,TN-14,Active,TRUE,5
633694395239,Low,Health,5000,09-01-2026,KA-03,Active,TRUE,5
646856945774,Low,Pension,2000,01-12-2023,DL-16,Active,TRUE,0
770975387403,Medium,Health,5000,15-11-2024,UP-10,Active,TRUE,0
741327774366,Medium,Health,5000,22-09-2023,MH-03,Active,TRUE,4
921010819175,Medium,Food,1000,18-12-2024,WB-19,Active,TRUE,2
878784974218,Medium,Pension,2000,12-04-2023,RJ-09,Active,TRUE,1
323820481653,Medium,Health,5000,04-11-2024,MH-04,Active,TRUE,0
834575570631,Medium,Food,1000,28-11-2024,UP-12,Active,TRUE,0
658070683689,Medium,Pension,2000,28-03-2025,KA-08,Active,TRUE,2
134328136313,Medium,Food,1000,03-11-2023,TN-14,Active,TRUE,0
192236303349,Medium,Pension,2000,28-08-2025,MP-02,Active,TRUE,3
537222246216,Medium,Health,5000,24-07-2025,MP-14,Active,TRUE,1
262034556527,Medium,Pension,2000,24-06-2023,TN-20,Active,TRUE,2
920725945283,Medium,Pension,2000,15-11-2025,DL-18,Active,TRUE,4
544700938986,Medium,Food,1000,16-02-2025,AP-12,Active,TRUE,1
894598721916,Medium,Pension,2000,28-07-2024,TN-08,Active,TRUE,0
565974007593,Medium,Health,5000,19-03-2025,MH-11,Active,TRUE,0
666937538130,Medium,Pension,2000,14-02-2025,MH-09,Active,TRUE,4
976659094152,Medium,Food,1000,11-05-2023,RJ-09,Active,TRUE,5
468276874209,Medium,Food,1000,26-06-2024,KA-12,Active,TRUE,1
264394619527,Medium,Food,1000,21-12-2023,RJ-11,Active,TRUE,2
326917927650,Medium,Food,1000,20-09-2023,DL-09,Active,TRUE,1
346398859985,Medium,Health,5000,06-10-2025,RJ-17,Active,TRUE,4
534284001398,Medium,Health,5000,27-08-2025,GJ-09,Active,TRUE,1
237173871105,Medium,Pension,2000,19-07-2023,AP-20,Active,TRUE,2
179239806619,Medium,Food,1000,06-02-2026,RJ-15,Active,TRUE,3
433431615245,Medium,Health,5000,12-11-2023,RJ-02,Active,TRUE,0
315370770912,Medium,Health,5000,30-06-2023,AP-15,Active,TRUE,0
979218665467,Medium,Food,1000,02-07-2024,KA-07,Active,TRUE,4
440301477668,Medium,Health,5000,22-12-2024,MH-11,Active,TRUE,3
107629070102,Medium,Food,1000,04-03-2025,GJ-10,Active,TRUE,3
465630858738,Medium,Pension,2000,11-04-2023,KA-07,Active,TRUE,4
734137052643,Medium,Pension,2000,28-01-2023,MH-15,Active,TRUE,3
449607279957,Medium,Pension,2000,30-03-2024,TN-09,Active,TRUE,5
809378382665,Medium,Food,1000,07-08-2023,MP-19,Active,TRUE,1
240905419221,Medium,Health,5000,07-01-2023,GJ-04,Active,TRUE,1
202972766029,Medium,Food,1000,13-01-2026,UP-19,Active,TRUE,5
886677522676,Medium,Health,5000,05-03-2025,MP-15,Active,TRUE,0
884629414406,Medium,Pension,2000,07-06-2025,RJ-17,Active,TRUE,2
520713994682,Medium,Health,5000,03-05-2024,KA-13,Active,TRUE,4
488208643646,Medium,Pension,2000,01-05-2023,DL-02,Active,TRUE,3
319982639193,Medium,Food,1000,23-10-2023,TN-04,Active,TRUE,0
419982875683,Medium,Pension,2000,26-08-2024,TN-08,Active,TRUE,3
163102236426,Medium,Pension,2000,11-08-2025,AP-19,Active,TRUE,0
438330155016,Medium,Pension,2000,04-06-2023,KA-07,Active,TRUE,5
987121200314,Medium,Pension,2000,13-07-2025,MH-02,Active,TRUE,1
559683760063,Medium,Food,1000,02-02-2024,KA-16,Active,TRUE,5
907847894292,Medium,Pension,2000,17-08-2023,KA-09,Active,TRUE,5
289698811683,Medium,Pension,2000,30-11-2024,GJ-10,Active,TRUE,5
633036614360,Medium,Pension,2000,28-03-2023,KA-07,Active,TRUE,4
937678931940,Medium,Pension,2000,07-01-2026,GJ-05,Active,TRUE,1
311001384731,Medium,Pension,2000,02-06-2025,TN-18,Active,TRUE,1
789881705322,Medium,Pension,2000,02-12-2023,KA-18,Active,TRUE,2
794445411344,Medium,Pension,2000,16-09-2025,RJ-06,Active,TRUE,0
614386148753,Medium,Pension,2000,16-09-2024,DL-11,Active,TRUE,3
700573376912,Medium,Food,1000,27-03-2024,MP-12,Active,TRUE,3
818904064672,Medium,Food,1000,24-01-2026,KA-05,Active,TRUE,3
953815882956,Medium,Pension,2000,29-10-2023,KA-17,Active,TRUE,3
546829879132,Medium,Pension,2000,13-06-2024,UP-09,Active,TRUE,1
263872576980,Medium,Health,5000,06-08-2025,MH-11,Active,TRUE,4
608788034957,Medium,Food,1000,30-04-2025,MH-13,Active,TRUE,4
303303397034,Medium,Food,1000,04-06-2025,RJ-12,Active,TRUE,3
736099002440,Medium,Health,5000,07-05-2024,TN-16,Active,TRUE,2
142517961908,Medium,Food,1000,16-06-2023,MH-06,Active,TRUE,0
769236889864,Medium,Food,1000,21-01-2025,UP-19,Active,TRUE,2
646788352385,Medium,Health,5000,18-05-2025,AP-19,Active,TRUE,2
794794850808,Medium,Health,5000,26-04-2024,TN-04,Active,TRUE,2
190858341701,Medium,Pension,2000,26-11-2024,UP-07,Active,TRUE,4
741523411507,Medium,Pension,2000,22-06-2023,KA-15,Active,TRUE,4
272950409571,Medium,Pension,2000,15-01-2025,WB-15,Active,TRUE,2
599164353912,Medium,Health,5000,07-02-2026,WB-03,Active,TRUE,3
192989322799,Medium,Pension,2000,07-05-2024,MP-17,Active,TRUE,4
405000612607,Medium,Food,1000,12-12-2025,AP-10,Active,TRUE,4
840997722311,Medium,Health,5000,24-03-2025,KA-05,Active,TRUE,1
285697722818,Medium,Health,5000,16-03-2023,RJ-15,Active,TRUE,1
920382774743,Medium,Pension,2000,30-05-2025,UP-11,Active,TRUE,2
662353698456,Medium,Health,5000,13-04-2024,MH-15,Active,TRUE,5
843772168866,Medium,Pension,2000,22-10-2024,TN-18,Active,TRUE,1
438062020193,Medium,Pension,2000,20-11-2025,WB-04,Active,TRUE,5
587043171536,Medium,Food,1000,17-02-2026,WB-09,Active,TRUE,1
856952584663,Medium,Pension,2000,08-06-2023,DL-20,Active,TRUE,1
181459345387,Medium,Health,5000,09-07-2023,AP-17,Active,TRUE,2
735358905891,Medium,Food,1000,27-08-2025,RJ-03,Active,TRUE,4
380358735392,Medium,Health,5000,14-03-2023,UP-11,Active,TRUE,1
673071611389,Medium,Health,5000,31-01-2023,MP-14,Active,TRUE,3
778770033641,Medium,Health,5000,27-04-2023,MP-07,Active,TRUE,3
282338231212,Medium,Pension,2000,15-10-2024,TN-11,Active,TRUE,4
850788425518,Medium,Pension,2000,26-11-2025,WB-20,Active,TRUE,1
822712645895,Medium,Pension,2000,30-09-2025,KA-05,Active,TRUE,2
503985995616,Medium,Health,5000,03-09-2025,AP-18,Active,TRUE,5
768227927459,Medium,Health,5000,06-07-2025,MH-12,Active,TRUE,0
153324606113,Medium,Food,1000,27-06-2025,MP-03,Active,TRUE,2
952812759851,Medium,Health,5000,14-11-2024,DL-01,Active,TRUE,4
956364994058,Medium,Food,1000,14-06-2023,DL-07,Active,TRUE,0
956648259097,Medium,Pension,2000,30-10-2025,UP-17,Active,TRUE,0
461796866518,Medium,Pension,2000,16-09-2023,KA-10,Active,TRUE,4
498117914269,Medium,Pension,2000,20-11-2025,MH-03,Active,TRUE,2
494302030367,Medium,Food,1000,22-05-2025,UP-20,Active,TRUE,1
878198619393,Medium,Health,5000,28-03-2024,RJ-15,Active,TRUE,0
557596406501,Medium,Food,1000,19-12-2024,RJ-12,Active,TRUE,3
198232096849,Medium,Pension,2000,11-06-2024,RJ-11,Active,TRUE,0
968280965215,Medium,Food,1000,26-09-2025,RJ-14,Active,TRUE,2
858816103953,Medium,Food,1000,13-01-2026,MH-06,Active,TRUE,1
285221185720,Medium,Pension,2000,04-04-2025,DL-08,Active,TRUE,5
531900031187,Medium,Health,5000,30-04-2023,UP-02,Active,TRUE,0
450249650485,Medium,Pension,2000,19-02-2026,TN-10,Active,TRUE,2
168884462802,Medium,Health,5000,21-12-2025,GJ-03,Active,TRUE,0
326860760452,Medium,Food,1000,31-03-2024,UP-20,Active,TRUE,3
316494160986,Medium,Pension,2000,20-07-2024,TN-14,Active,TRUE,4
568208045461,Medium,Pension,2000,23-09-2025,MH-20,Active,TRUE,5
520047855544,Medium,Health,5000,25-05-2025,WB-06,Active,TRUE,4
110151180828,Medium,Pension,2000,15-07-2025,TN-08,Active,TRUE,1
291683476354,Medium,Health,5000,15-02-2024,KA-19,Active,TRUE,5
197215410033,Medium,Pension,2000,14-01-2026,DL-17,Active,TRUE,1
544540889003,Medium,Food,1000,02-02-2026,AP-05,Active,TRUE,0
773875140042,Medium,Food,1000,11-01-2026,MH-06,Active,TRUE,3
382175453760,Medium,Food,1000,15-04-2025,GJ-06,Active,TRUE,4
389656040869,Medium,Pension,2000,04-11-2025,UP-18,Active,TRUE,2
990419875279,Medium,Food,1000,31-12-2025,GJ-06,Active,TRUE,3
424156673795,Medium,Pension,2000,04-12-2025,DL-01,Active,TRUE,5
830367398585,Medium,Food,1000,07-11-2024,UP-12,Active,TRUE,1
633226671630,Medium,Health,5000,26-11-2025,MH-16,Active,TRUE,5
608171269624,Medium,Food,1000,23-04-2023,KA-14,Active,TRUE,3
353929243197,Medium,Pension,2000,05-12-2023,UP-11,Active,TRUE,5
582130525953,Medium,Food,1000,28-05-2025,WB-10,Active,TRUE,5
880402975194,Medium,Health,5000,03-10-2025,MH-18,Active,TRUE,5
262732859357,Medium,Food,1000,21-11-2025,MP-05,Active,TRUE,1
401758094534,Medium,Pension,2000,19-09-2025,WB-18,Active,TRUE,4
625683687204,Medium,Pension,2000,09-11-2023,TN-20,Active,TRUE,2
211342527326,Medium,Pension,2000,22-02-2025,AP-14,Active,TRUE,0
103721203883,Medium,Health,5000,08-09-2024,UP-09,Active,TRUE,5
342233292075,Medium,Pension,2000,16-11-2024,MH-18,Active,TRUE,2
342162455637,Medium,Food,1000,04-04-2024,TN-17,Active,TRUE,3
623368870250,Medium,Health,5000,24-03-2024,WB-11,Active,TRUE,1
932840012553,Medium,Food,1000,30-04-2024,MP-16,Active,TRUE,4
498070371936,Medium,Pension,2000,26-03-2025,MH-17,Active,TRUE,0
658207447549,Medium,Health,5000,28-03-2025,GJ-15,Active,TRUE,4
159547663331,Medium,Food,1000,12-05-2023,RJ-18,Active,TRUE,3
152539451580,Medium,Health,5000,27-03-2024,AP-20,Active,TRUE,2
945343079716,Medium,Health,5000,18-07-2025,WB-06,Active,TRUE,1
303926145417,Medium,Food,1000,18-08-2025,WB-13,Active,TRUE,2
981109457060,Medium,Health,5000,18-05-2025,UP-01,Active,TRUE,0
265167115952,Medium,Health,5000,23-10-2023,GJ-01,Active,TRUE,1
616910891693,Medium,Health,5000,15-07-2025,RJ-20,Active,TRUE,3
468291102850,Medium,Pension,2000,07-05-2025,UP-13,Active,TRUE,5
858760080881,Medium,Food,1000,27-06-2025,MP-14,Active,TRUE,4
127631967262,Medium,Food,1000,24-04-2023,MH-11,Active,TRUE,2
541302627524,Medium,Health,5000,06-06-2023,GJ-16,Active,TRUE,4
104147890569,Medium,Food,1000,22-12-2025,RJ-14,Active,TRUE,5
787154555819,Medium,Health,5000,07-03-2024,TN-13,Active,TRUE,3
122081865399,Medium,Health,5000,16-04-2023,UP-08,Active,TRUE,3
237156230859,Medium,Pension,2000,17-10-2025,RJ-08,Active,TRUE,4
302428549414,Medium,Food,1000,20-07-2024,RJ-09,Active,TRUE,3
813461194314,Medium,Pension,2000,30-01-2024,MH-03,Active,TRUE,5
135103074955,Medium,Pension,2000,05-03-2023,GJ-04,Active,TRUE,1
686402991700,Medium,Food,1000,23-08-2023,DL-05,Active,TRUE,2
105225231706,Medium,Pension,2000,30-12-2025,GJ-12,Active,TRUE,1
713701727278,Medium,Food,1000,06-10-2025,KA-11,Active,TRUE,1
147400656359,Medium,Health,5000,30-04-2024,AP-07,Active,TRUE,5
848471441711,Medium,Food,1000,08-05-2023,MP-04,Active,TRUE,0
612711340160,Medium,Health,5000,06-02-2026,RJ-09,Active,TRUE,3
293777985669,Medium,Pension,2000,17-10-2025,RJ-10,Active,TRUE,3
581693885945,Medium,Health,5000,31-12-2023,MP-08,Active,TRUE,4
359997533942,Medium,Food,1000,30-07-2024,DL-16,Active,TRUE,0
604401840280,Medium,Food,1000,10-01-2026,WB-15,Active,TRUE,5
552901975098,Medium,Food,1000,14-04-2025,TN-07,Active,TRUE,4
868084471289,Medium,Food,1000,30-10-2023,MP-06,Active,TRUE,1
797839528053,Medium,Pension,2000,21-07-2023,AP-07,Active,TRUE,2
405541061426,Medium,Pension,2000,19-07-2025,KA-07,Active,TRUE,3
402942192838,Medium,Food,1000,07-01-2025,MP-15,Active,TRUE,2
932147710469,Medium,Food,1000,17-06-2024,MP-20,Active,TRUE,3
815947452009,Medium,Pension,2000,11-09-2024,KA-14,Active,TRUE,1
487614788880,Medium,Food,1000,14-06-2024,MH-05,Active,TRUE,2
466092340907,Medium,Pension,2000,16-09-2023,MP-04,Active,TRUE,2
538683036786,Medium,Health,5000,02-03-2025,KA-09,Active,TRUE,1
606365538659,Medium,Health,5000,19-04-2024,WB-08,Active,TRUE,0
681295194361,Medium,Pension,2000,04-08-2023,MH-10,Active,TRUE,1
509511652078,Medium,Pension,2000,12-06-2025,TN-06,Active,TRUE,5
778100980393,Medium,Health,5000,02-07-2024,RJ-06,Active,TRUE,0
639286647353,Medium,Health,5000,05-06-2024,MP-03,Active,TRUE,4
276402926710,Medium,Health,5000,25-02-2023,GJ-08,Active,TRUE,5
694139496858,Medium,Food,1000,26-02-2025,MP-05,Active,TRUE,5
121270891088,Medium,Health,5000,15-01-2026,GJ-14,Active,TRUE,0
785458497189,Medium,Pension,2000,06-10-2025,AP-06,Active,TRUE,4
501151812655,Medium,Food,1000,29-11-2024,KA-10,Active,TRUE,1
141692276487,Medium,Pension,2000,09-04-2023,MP-02,Active,TRUE,5
454371686553,Medium,Food,1000,02-12-2024,DL-17,Active,TRUE,0
773688965475,Medium,Health,5000,22-03-2023,DL-20,Active,TRUE,2
797005355649,Medium,Pension,2000,22-05-2023,UP-05,Active,TRUE,2
421084622948,Medium,Health,5000,20-03-2025,TN-14,Active,TRUE,3
763154625310,Medium,Pension,2000,11-03-2025,MH-17,Active,TRUE,5
531291361486,Medium,Health,5000,10-06-2024,DL-20,Active,TRUE,4
916349751104,Medium,Food,1000,28-06-2025,KA-05,Active,TRUE,0
243010647562,Medium,Food,1000,01-06-2023,AP-10,Active,TRUE,1
626565404992,Medium,Health,5000,06-10-2025,MP-05,Active,TRUE,1
903583910721,Medium,Food,1000,04-01-2024,DL-19,Active,TRUE,4
995214912064,Medium,Food,1000,27-02-2025,UP-03,Active,TRUE,2
294998440172,Medium,Pension,2000,30-09-2025,GJ-14,Active,TRUE,3
312255651566,Medium,Food,1000,22-09-2024,WB-07,Active,TRUE,1
509004534219,Medium,Pension,2000,26-03-2023,KA-01,Active,TRUE,3
714608591412,Medium,Pension,2000,14-10-2025,DL-14,Active,TRUE,1
778210532139,Medium,Food,1000,14-02-2024,WB-19,Active,TRUE,5
178063539364,Medium,Food,1000,14-02-2026,TN-04,Active,TRUE,3
398853649218,Medium,Pension,2000,19-02-2023,WB-12,Active,TRUE,4
426453484175,Medium,Health,5000,28-05-2024,MH-08,Active,TRUE,4
836099392338,Medium,Health,5000,04-12-2023,RJ-18,Active,TRUE,0
300178990303,Medium,Food,1000,11-09-2025,MP-02,Active,TRUE,2
107468632267,Medium,Pension,2000,29-05-2024,MH-04,Active,TRUE,1
197325374336,Medium,Pension,2000,13-01-2026,MP-12,Active,TRUE,1
593676399616,Medium,Health,5000,17-05-2023,WB-12,Active,TRUE,2
288028006608,Medium,Pension,2000,07-03-2023,TN-19,Active,TRUE,5
345839570851,Medium,Food,1000,22-03-2023,KA-05,Active,TRUE,4
900508898746,Medium,Health,5000,20-01-2023,AP-10,Active,TRUE,2
553483854837,Medium,Health,5000,10-03-2023,KA-07,Active,TRUE,4
208886581016,Medium,Pension,2000,17-08-2023,MP-14,Active,TRUE,2
917348737005,Medium,Food,1000,09-05-2024,RJ-07,Active,TRUE,5
534709771966,Medium,Health,5000,27-01-2024,RJ-11,Active,TRUE,1
884370021197,Medium,Pension,2000,19-06-2024,GJ-15,Active,TRUE,5
906407422835,Medium,Health,5000,20-06-2024,TN-07,Active,TRUE,0
335829274875,Medium,Health,5000,28-04-2025,MH-03,Active,TRUE,5
925302223265,Medium,Health,5000,16-06-2023,MP-08,Active,TRUE,0
833521172116,Medium,Food,1000,12-05-2025,UP-12,Active,TRUE,0
464291444272,Medium,Health,5000,10-03-2024,RJ-12,Active,TRUE,0
276241321402,Medium,Food,1000,23-06-2024,TN-12,Active,TRUE,2
718818398016,Medium,Pension,2000,01-04-2024,MP-12,Active,TRUE,2
789046552394,Medium,Health,5000,29-01-2026,AP-07,Active,TRUE,1
611720347392,Medium,Pension,2000,08-10-2023,TN-08,Active,TRUE,3
188856514942,Medium,Pension,2000,22-02-2023,GJ-02,Active,TRUE,3
198223096661,Medium,Food,1000,10-08-2023,DL-17,Active,TRUE,1
876449793414,Medium,Pension,2000,01-05-2023,GJ-12,Active,TRUE,1
538695015240,Medium,Health,5000,19-11-2024,UP-05,Active,TRUE,4
493138842566,Medium,Pension,2000,12-10-2024,DL-01,Active,TRUE,0
880054971414,Medium,Health,5000,03-04-2024,KA-13,Active,TRUE,5
336392726218,Medium,Food,1000,14-01-2024,RJ-14,Active,TRUE,2
344158441184,Medium,Food,1000,30-05-2024,GJ-04,Active,TRUE,0
704049833949,Medium,Health,5000,07-03-2023,UP-02,Active,TRUE,0
402768347084,Medium,Food,1000,28-04-2023,RJ-03,Active,TRUE,1
900055880228,Medium,Food,1000,29-11-2023,TN-17,Active,TRUE,2
441095632987,Medium,Health,5000,21-07-2025,MP-09,Active,TRUE,4
667757622677,Medium,Pension,2000,06-10-2023,TN-16,Active,TRUE,1
817513436658,Medium,Health,5000,02-04-2023,KA-10,Active,TRUE,0
781749621151,Medium,Health,5000,27-04-2025,WB-17,Active,TRUE,0
329950312391,Medium,Health,5000,07-04-2023,MP-04,Active,TRUE,2
657310917578,Medium,Food,1000,22-12-2023,AP-13,Active,TRUE,3
306141998395,Medium,Health,5000,19-08-2023,RJ-05,Active,TRUE,0
952159565416,Medium,Food,1000,05-02-2024,UP-20,Active,TRUE,1
383358678660,Medium,Pension,2000,29-05-2025,TN-06,Active,TRUE,2
677824716348,Medium,Health,5000,03-06-2023,DL-17,Active,TRUE,0
609721842525,Medium,Health,5000,02-09-2023,UP-01,Active,TRUE,1
830742345819,Medium,Health,5000,25-11-2023,WB-14,Active,TRUE,3
621926716165,Medium,Health,5000,08-12-2023,MH-01,Active,TRUE,5
929117926221,Medium,Food,1000,16-09-2023,AP-11,Active,TRUE,3
187705258173,Medium,Food,1000,12-04-2025,UP-12,Active,TRUE,1
217607977422,Medium,Health,5000,27-10-2025,KA-08,Active,TRUE,5
639742092191,Medium,Food,1000,13-02-2025,WB-09,Active,TRUE,5
762776129074,Medium,Food,1000,12-01-2026,DL-06,Active,TRUE,4
675012275715,Medium,Food,1000,25-01-2025,MH-17,Active,TRUE,4
404809283086,Medium,Pension,2000,24-08-2025,AP-19,Active,TRUE,5
383300753259,Medium,Food,1000,15-01-2023,RJ-03,Active,TRUE,5
277362987909,Medium,Health,5000,11-03-2023,DL-06,Active,TRUE,4
201929140460,Medium,Health,5000,02-10-2025,AP-15,Active,TRUE,0
114449533338,Medium,Pension,2000,04-06-2023,AP-14,Active,TRUE,0
951701691867,Medium,Food,1000,26-10-2025,MH-06,Active,TRUE,1
831290034096,Medium,Pension,2000,04-02-2026,TN-01,Active,TRUE,5
250269778267,Medium,Health,5000,18-12-2024,WB-06,Active,TRUE,0
828683895337,Medium,Health,5000,19-11-2023,RJ-12,Active,TRUE,2
920507162457,Medium,Pension,2000,01-07-2023,UP-01,Active,TRUE,0
164754963756,Medium,Health,5000,18-04-2024,UP-12,Active,TRUE,5
763472628377,Medium,Pension,2000,10-08-2025,MH-02,Active,TRUE,0
341937254362,Medium,Health,5000,08-12-2023,GJ-12,Active,TRUE,0
473121692343,Medium,Pension,2000,28-12-2025,TN-06,Active,TRUE,0
130477253415,Medium,Health,5000,22-07-2025,AP-10,Active,TRUE,2
419623293122,Medium,Pension,2000,10-07-2024,DL-14,Active,TRUE,5
781582447508,Medium,Food,1000,29-11-2025,MH-13,Active,TRUE,0
711533743380,Medium,Food,1000,20-04-2023,RJ-14,Active,TRUE,0
505736322550,Medium,Food,1000,21-02-2025,MP-04,Active,TRUE,0
800830522957,Medium,Pension,2000,21-09-2024,MH-11,Active,TRUE,4
300499561572,Medium,Health,5000,09-02-2026,WB-10,Active,TRUE,1
331849580407,Medium,Food,1000,24-02-2023,MH-06,Active,TRUE,2
903196019080,Medium,Health,5000,09-02-2023,MH-18,Active,TRUE,4
914313331355,Medium,Health,5000,26-12-2025,MP-13,Active,TRUE,2
466433373861,Medium,Health,5000,30-10-2025,UP-07,Active,TRUE,3
537691276250,Medium,Food,1000,09-12-2024,RJ-16,Active,TRUE,2
722906081973,Medium,Food,1000,21-06-2023,TN-11,Active,TRUE,4
386482484360,Medium,Health,5000,10-12-2023,KA-11,Active,TRUE,5
482762869926,Medium,Pension,2000,09-12-2023,UP-10,Active,TRUE,5
744162110305,Medium,Pension,2000,20-04-2023,WB-04,Active,TRUE,1
177771198779,Medium,Health,5000,05-01-2026,MP-08,Active,TRUE,0
651045908432,Medium,Pension,2000,11-09-2025,KA-20,Active,TRUE,0
975451716095,Medium,Food,1000,24-01-2023,DL-05,Active,TRUE,4
659110960050,Medium,Food,1000,13-02-2024,UP-04,Active,TRUE,2
401319068270,Medium,Health,5000,02-03-2023,TN-17,Active,TRUE,3
746158885027,Medium,Health,5000,23-10-2023,KA-09,Active,TRUE,0
487760490796,Medium,Food,1000,17-12-2024,UP-19,Active,TRUE,1
803748830903,Medium,Food,1000,10-07-2024,GJ-11,Active,TRUE,0
492994809624,Medium,Food,1000,10-11-2023,MH-05,Active,TRUE,4
367707840223,Medium,Food,1000,30-10-2023,WB-14,Active,TRUE,4
100761941522,Medium,Pension,2000,20-03-2024,GJ-16,Active,TRUE,5
986473629584,Medium,Health,5000,16-12-2023,GJ-03,Active,TRUE,4
539023325255,Medium,Health,5000,06-05-2025,GJ-18,Active,TRUE,4
823946578084,Medium,Health,5000,19-09-2023,MH-06,Active,TRUE,3
655295114520,Medium,Pension,2000,21-03-2024,DL-08,Active,TRUE,2
128758232968,Medium,Health,5000,23-07-2024,RJ-02,Active,TRUE,0
692845962411,Medium,Food,1000,04-06-2025,RJ-03,Active,TRUE,3
316868149390,Medium,Food,1000,11-08-2025,MH-11,Active,TRUE,0
965226334408,Medium,Pension,2000,07-02-2024,MP-14,Active,TRUE,2
938799628635,Medium,Food,1000,03-12-2023,WB-06,Active,TRUE,3
372816730287,Medium,Food,1000,24-06-2023,RJ-20,Active,TRUE,5
813588387504,Medium,Health,5000,10-02-2023,WB-06,Active,TRUE,1
497428231660,Medium,Health,5000,11-02-2026,TN-02,Active,TRUE,3
990085121085,Medium,Pension,2000,23-08-2024,DL-16,Active,TRUE,3
634727629460,Medium,Food,1000,07-10-2023,RJ-08,Active,TRUE,0
832392681181,Medium,Health,5000,15-07-2025,UP-07,Active,TRUE,3
893224670721,Medium,Health,5000,18-01-2023,WB-18,Active,TRUE,0
459849634087,Medium,Food,1000,19-10-2025,AP-18,Active,TRUE,2
872203816139,Medium,Health,5000,17-04-2023,WB-16,Active,TRUE,0
728453456937,Medium,Health,5000,15-07-2023,MH-10,Active,TRUE,5
183605757463,Medium,Health,5000,13-02-2026,TN-15,Active,TRUE,1
165753381483,Medium,Food,1000,20-04-2024,AP-19,Active,TRUE,1
549489021246,Medium,Food,1000,03-05-2025,DL-14,Active,TRUE,0
191205144732,Medium,Food,1000,08-09-2025,MP-18,Active,TRUE,2
827203493164,Medium,Food,1000,15-03-2023,AP-08,Active,TRUE,2
329787951885,Medium,Health,5000,18-12-2024,MH-08,Active,TRUE,5
761987696786,Medium,Pension,2000,31-12-2024,MP-02,Active,TRUE,5
645726393431,Medium,Food,1000,10-02-2023,DL-07,Active,TRUE,0
923969864475,Medium,Food,1000,20-04-2024,DL-10,Active,TRUE,2
833298715127,Medium,Health,5000,18-04-2024,AP-13,Active,TRUE,4
793005943566,Medium,Health,5000,21-02-2023,MH-08,Active,TRUE,3
690336833645,Medium,Food,1000,17-07-2024,WB-16,Active,TRUE,0
907502723462,Medium,Pension,2000,22-11-2025,KA-16,Active,TRUE,1
984628522179,Medium,Food,1000,28-07-2025,GJ-17,Active,TRUE,5
213949878218,Medium,Pension,2000,10-01-2025,MP-04,Active,TRUE,1
718354380796,Medium,Food,1000,16-09-2023,WB-06,Active,TRUE,0
580244386029,Medium,Food,1000,06-11-2024,WB-12,Active,TRUE,3
952036028634,Medium,Health,5000,20-03-2024,KA-12,Active,TRUE,2
183705281488,Medium,Food,1000,13-02-2025,RJ-03,Active,TRUE,1
251064350370,Medium,Food,1000,08-02-2026,MH-06,Active,TRUE,0
315976726974,Medium,Health,5000,13-12-2024,GJ-04,Active,TRUE,2
602542806945,Medium,Pension,2000,22-11-2023,UP-14,Active,TRUE,1
979302072015,Medium,Pension,2000,16-04-2025,UP-13,Active,TRUE,1
696042175285,Medium,Health,5000,05-12-2024,TN-07,Active,TRUE,4
698491625870,Medium,Pension,2000,04-02-2023,TN-13,Active,TRUE,4
644165497008,Medium,Pension,2000,13-10-2024,WB-04,Active,TRUE,1
558038754326,Medium,Food,1000,22-11-2024,TN-14,Active,TRUE,2
836120845517,Medium,Health,5000,28-03-2025,GJ-03,Active,TRUE,3
373006866658,Medium,Food,1000,04-09-2025,AP-02,Active,TRUE,4
975528962852,Medium,Health,5000,13-11-2025,WB-03,Active,TRUE,0
109687904492,Medium,Health,5000,05-12-2023,KA-19,Active,TRUE,5
427751155437,Medium,Food,1000,04-11-2023,WB-08,Active,TRUE,1
133407732439,Medium,Pension,2000,17-02-2024,AP-16,Active,TRUE,5
435825495832,Medium,Food,1000,12-01-2025,MH-16,Active,TRUE,4
706532270883,Medium,Pension,2000,05-10-2024,AP-18,Active,TRUE,5
335641154049,Medium,Health,5000,29-01-2025,TN-17,Active,TRUE,3
245155882858,Medium,Health,5000,09-10-2024,MP-02,Active,TRUE,3
162858259541,Medium,Health,5000,23-12-2023,AP-18,Active,TRUE,2
142114504051,Medium,Health,5000,04-10-2024,WB-12,Active,TRUE,0
418689379991,Medium,Pension,2000,23-05-2025,MH-13,Active,TRUE,1
520510602637,Medium,Food,1000,08-10-2025,AP-01,Active,TRUE,2
938200402748,Medium,Health,5000,16-08-2025,UP-05,Active,TRUE,1
598804025463,Medium,Pension,2000,04-04-2023,MP-05,Active,TRUE,2
376053450314,Medium,Pension,2000,07-11-2025,GJ-09,Active,TRUE,0
809344223159,Medium,Food,1000,24-09-2024,UP-03,Active,TRUE,5
284644150169,Medium,Health,5000,22-11-2024,WB-06,Active,TRUE,3
337868062809,Medium,Health,5000,19-11-2024,KA-08,Active,TRUE,5
421979963689,Medium,Health,5000,24-04-2023,TN-20,Active,TRUE,0
172190001491,Medium,Food,1000,07-01-2025,GJ-20,Active,TRUE,0
318412237119,Medium,Food,1000,03-02-2024,AP-05,Active,TRUE,4
807832914464,Medium,Food,1000,09-07-2025,AP-01,Active,TRUE,4
586308311403,Medium,Health,5000,17-07-2025,TN-12,Active,TRUE,0
993736523312,Medium,Health,5000,25-08-2025,DL-11,Active,TRUE,1
309408730990,Medium,Health,5000,01-07-2025,AP-08,Active,TRUE,2
894942341095,Medium,Health,5000,14-04-2024,MP-10,Active,TRUE,2
398803637943,Medium,Health,5000,09-05-2025,KA-17,Active,TRUE,1
407755063813,Medium,Health,5000,29-08-2023,GJ-09,Active,TRUE,0
967087351310,Medium,Pension,2000,10-09-2023,WB-14,Active,TRUE,3
913720696154,Medium,Food,1000,26-02-2023,UP-09,Active,TRUE,5
268785873254,Medium,Health,5000,07-04-2023,MP-02,Active,TRUE,2
259479406405,Medium,Health,5000,19-04-2025,KA-10,Active,TRUE,0
721010824977,Medium,Pension,2000,06-03-2025,WB-16,Active,TRUE,4
459508342354,Medium,Food,1000,19-11-2024,RJ-19,Active,TRUE,3
881760394983,Medium,Pension,2000,05-12-2025,MH-08,Active,TRUE,1
431637733599,Medium,Pension,2000,10-05-2024,GJ-08,Active,TRUE,4
353739756598,Medium,Health,5000,17-11-2023,RJ-16,Active,TRUE,5
716259402499,Medium,Food,1000,04-07-2025,AP-13,Active,TRUE,3
444153421998,Medium,Pension,2000,06-02-2025,MH-14,Active,TRUE,5
126117605611,Medium,Food,1000,06-01-2025,TN-13,Active,TRUE,0
662517655726,Medium,Health,5000,02-10-2025,UP-07,Active,TRUE,3
427704851345,Medium,Pension,2000,06-01-2024,AP-16,Active,TRUE,1
167039233586,Medium,Health,5000,22-03-2023,KA-02,Active,TRUE,4
924115418414,Medium,Food,1000,09-02-2023,KA-06,Active,TRUE,1
413990569866,Medium,Health,5000,24-01-2025,RJ-17,Active,TRUE,5
302151377010,Medium,Pension,2000,30-04-2024,GJ-19,Active,TRUE,5
450311136729,Medium,Pension,2000,30-11-2023,MP-03,Active,TRUE,4
514606606597,Medium,Health,5000,15-03-2025,UP-16,Active,TRUE,3
301229954620,Medium,Food,1000,23-07-2024,MH-01,Active,TRUE,4
843588163378,Medium,Health,5000,12-06-2023,DL-11,Active,TRUE,0
214679613026,Medium,Food,1000,07-09-2023,RJ-15,Active,TRUE,0
518934383893,Medium,Pension,2000,13-10-2023,MP-08,Active,TRUE,0
773574335247,Medium,Health,5000,09-01-2024,TN-06,Active,TRUE,4
867075805011,Medium,Health,5000,21-07-2023,GJ-19,Active,TRUE,3
998596507406,Medium,Food,1000,28-12-2023,KA-09,Active,TRUE,3
929140714487,Medium,Pension,2000,19-02-2025,WB-07,Active,TRUE,3
513311931377,Medium,Food,1000,20-02-2025,RJ-03,Under_Review,TRUE,5
874018776355,Medium,Health,5000,25-01-2024,KA-02,Under_Review,TRUE,4
444693824746,Medium,Pension,2000,28-06-2024,DL-13,Under_Review,TRUE,1
928684931321,Medium,Health,5000,15-10-2025,KA-10,Under_Review,TRUE,3
919519682328,Medium,Food,1000,28-01-2025,AP-01,Under_Review,TRUE,4
902510137947,Medium,Pension,2000,03-03-2025,TN-13,Under_Review,TRUE,1
545673431767,Medium,Food,1000,26-12-2025,MP-17,Under_Review,TRUE,3
702027686859,Medium,Health,5000,20-01-2024,WB-19,Under_Review,TRUE,5
787923685603,Medium,Food,1000,07-01-2025,RJ-17,Under_Review,TRUE,4
721682539504,Medium,Food,1000,09-04-2025,TN-14,Under_Review,TRUE,4
197366182683,Medium,Pension,2000,04-12-2024,UP-11,Under_Review,TRUE,2
309258607290,Medium,Food,1000,31-01-2024,GJ-05,Under_Review,TRUE,5
378619786128,Medium,Health,5000,25-11-2025,TN-10,Under_Review,TRUE,5
903622125941,Medium,Health,5000,06-02-2026,KA-03,Under_Review,TRUE,5
968295426341,Medium,Health,5000,21-03-2023,AP-13,Under_Review,TRUE,2
712652891533,Medium,Health,5000,16-01-2026,WB-17,Under_Review,TRUE,3
403936689726,Medium,Food,1000,09-03-2023,KA-19,Under_Review,TRUE,3
534827464817,Medium,Health,5000,20-09-2023,MP-10,Under_Review,TRUE,5
249942720880,Medium,Pension,2000,21-09-2025,AP-16,Under_Review,TRUE,0
975648926659,Medium,Food,1000,14-09-2025,MP-05,Under_Review,TRUE,4
850605236585,Medium,Pension,2000,03-02-2023,WB-08,Under_Review,TRUE,1
548755463022,Medium,Health,5000,11-01-2023,AP-11,Under_Review,TRUE,0
807798015620,Medium,Food,1000,04-12-2024,DL-12,Under_Review,TRUE,5
683083019770,Medium,Pension,2000,24-03-2023,GJ-20,Under_Review,TRUE,4
669996125450,Medium,Health,5000,27-11-2023,MH-12,Under_Review,TRUE,0
120510493836,Medium,Food,1000,31-07-2024,MH-08,Under_Review,TRUE,0
182149123254,Medium,Health,5000,07-01-2024,DL-08,Under_Review,TRUE,3
931139442601,Medium,Food,1000,14-02-2023,KA-03,Under_Review,TRUE,2
558754260123,Medium,Health,5000,25-08-2024,WB-07,Under_Review,TRUE,5
146577451171,Medium,Food,1000,07-06-2025,UP-03,Under_Review,TRUE,3
121562322245,Medium,Pension,2000,14-06-2023,DL-04,Under_Review,TRUE,0
824221798929,Medium,Health,5000,26-03-2025,UP-12,Under_Review,TRUE,4
588095565037,Medium,Pension,2000,09-07-2023,TN-08,Under_Review,TRUE,0
195757308523,Medium,Food,1000,20-08-2023,RJ-07,Under_Review,TRUE,5
201146198818,Medium,Pension,2000,04-07-2023,DL-09,Under_Review,TRUE,2
205464480016,Medium,Health,5000,05-12-2024,TN-10,Under_Review,TRUE,0
134435958701,Medium,Health,5000,19-08-2025,DL-01,Under_Review,TRUE,3
893329781667,Medium,Health,5000,07-10-2024,GJ-20,Under_Review,TRUE,0
529631915138,Medium,Pension,2000,03-05-2024,GJ-09,Under_Review,TRUE,5
693063579649,Medium,Pension,2000,20-05-2025,MP-02,Under_Review,TRUE,1
758983365096,Medium,Health,5000,29-12-2024,UP-09,Under_Review,TRUE,1
215958438742,Medium,Health,5000,24-08-2023,UP-12,Under_Review,TRUE,4
864150094781,Medium,Food,1000,29-04-2025,MP-04,Under_Review,TRUE,0
244387536494,Medium,Health,5000,08-02-2026,UP-07,Under_Review,TRUE,5
294469781905,Medium,Pension,2000,26-08-2025,DL-12,Under_Review,TRUE,4
563443951276,Medium,Health,5000,01-11-2023,MP-16,Under_Review,TRUE,4
335389324862,Medium,Pension,2000,30-05-2023,KA-12,Under_Review,TRUE,2
276430716888,Medium,Pension,2000,05-01-2025,MP-14,Under_Review,TRUE,2
865278878630,Medium,Health,5000,06-03-2024,KA-05,Under_Review,TRUE,0
310816865011,Medium,Pension,2000,17-09-2024,UP-05,Under_Review,TRUE,2
291032894602,Medium,Food,1000,09-02-2025,MP-16,Under_Review,TRUE,2
733895889159,Medium,Food,1000,05-02-2024,WB-17,Under_Review,TRUE,5
794135511715,Medium,Food,1000,10-05-2025,TN-14,Under_Review,TRUE,1
410965100371,Medium,Food,1000,30-05-2023,MH-18,Under_Review,TRUE,4
731050561490,Medium,Food,1000,09-04-2023,KA-14,Under_Review,TRUE,3
506086538812,Medium,Health,5000,08-11-2025,GJ-13,Under_Review,TRUE,3
156400146706,Medium,Pension,2000,30-08-2023,DL-16,Under_Review,TRUE,5
761061706656,Medium,Health,5000,04-08-2024,RJ-04,Under_Review,TRUE,1
764671919789,Medium,Pension,2000,31-01-2024,DL-04,Under_Review,TRUE,4
120639669812,Medium,Food,1000,17-05-2025,RJ-17,Under_Review,TRUE,5
506869212381,Medium,Food,1000,24-02-2025,AP-09,Under_Review,TRUE,1
689307171897,Medium,Health,5000,11-08-2023,AP-16,Under_Review,TRUE,4
269039115547,Medium,Food,1000,31-01-2026,TN-17,Under_Review,TRUE,2
845750201942,Medium,Pension,2000,07-04-2023,MH-10,Under_Review,TRUE,3
991200129536,Medium,Food,1000,10-02-2026,RJ-11,Under_Review,TRUE,2
544456045643,Medium,Food,1000,19-09-2025,DL-18,Under_Review,TRUE,4
838545745482,Medium,Pension,2000,08-09-2025,MP-09,Under_Review,TRUE,0
870412773028,Medium,Health,5000,26-01-2026,WB-14,Under_Review,TRUE,1
665581469673,Medium,Food,1000,02-08-2023,MP-07,Under_Review,TRUE,0
248149105458,Medium,Pension,2000,16-03-2023,AP-06,Under_Review,TRUE,3
407098391389,Medium,Health,5000,08-04-2023,UP-11,Under_Review,TRUE,2
359092635351,Medium,Health,5000,13-05-2024,UP-07,Under_Review,TRUE,5
852649030257,Medium,Food,1000,17-06-2023,AP-10,Under_Review,TRUE,4
343022490313,Medium,Pension,2000,25-05-2025,UP-15,Under_Review,TRUE,5
475070321133,Medium,Food,1000,13-10-2025,UP-11,Under_Review,TRUE,1
682871147829,Medium,Health,5000,24-07-2025,GJ-10,Under_Review,TRUE,1
434696585857,Medium,Food,1000,20-03-2025,MP-14,Under_Review,TRUE,1
402181750434,Medium,Food,1000,31-05-2023,MP-13,Under_Review,TRUE,5
407781997986,Medium,Pension,2000,12-04-2025,AP-08,Under_Review,TRUE,0
195596894707,Medium,Pension,2000,19-09-2024,MH-13,Under_Review,TRUE,2
187096975389,Medium,Pension,2000,17-01-2023,KA-20,Under_Review,TRUE,2
597063295159,Medium,Food,1000,01-11-2023,GJ-17,Under_Review,TRUE,3
674062297719,Medium,Food,1000,07-02-2026,TN-07,Under_Review,TRUE,4
401571915602,Medium,Food,1000,18-06-2024,TN-11,Under_Review,TRUE,4
931015235681,Medium,Pension,2000,03-11-2023,KA-04,Under_Review,TRUE,5
829890376062,Medium,Food,1000,14-10-2024,RJ-11,Under_Review,TRUE,2
361484028136,Medium,Health,5000,10-07-2025,TN-14,Under_Review,TRUE,2
661735479499,Medium,Health,5000,07-05-2023,RJ-02,Under_Review,TRUE,0
431804662129,Medium,Pension,2000,01-05-2024,RJ-12,Under_Review,TRUE,3
667992275050,Medium,Pension,2000,11-05-2025,UP-13,Under_Review,TRUE,0
502360633828,Medium,Pension,2000,07-04-2025,KA-12,Under_Review,TRUE,5
583215141949,Medium,Health,5000,24-12-2024,MP-05,Under_Review,TRUE,3
691721490634,Medium,Health,5000,26-06-2024,UP-19,Under_Review,TRUE,1
261879651597,Medium,Pension,2000,08-04-2025,TN-13,Under_Review,TRUE,2
293349178103,Medium,Food,1000,30-05-2025,MH-06,Under_Review,TRUE,1
298170742459,Medium,Food,1000,25-09-2023,UP-11,Under_Review,TRUE,5
243310833735,Medium,Pension,2000,19-11-2025,WB-19,Under_Review,TRUE,4
308222220780,Medium,Pension,2000,09-02-2026,AP-08,Under_Review,TRUE,4
606432208679,Medium,Health,5000,28-12-2024,UP-16,Under_Review,TRUE,4
794171752882,Medium,Food,1000,18-03-2024,TN-19,Under_Review,TRUE,4
463311263657,Medium,Health,5000,24-02-2025,MP-12,Under_Review,TRUE,5
119381984785,Medium,Health,5000,04-05-2025,UP-19,Under_Review,TRUE,0
473232986924,Medium,Health,5000,16-07-2025,TN-04,Under_Review,TRUE,5
353888559126,Medium,Pension,2000,02-08-2024,TN-05,Under_Review,TRUE,2
394000385607,Medium,Health,5000,06-10-2025,AP-14,Under_Review,TRUE,0
486125507261,Medium,Health,5000,14-03-2025,WB-11,Under_Review,TRUE,5
764292171076,Medium,Health,5000,30-09-2024,AP-09,Under_Review,TRUE,1
708499674210,Medium,Health,5000,11-02-2025,WB-01,Under_Review,TRUE,4
305270730354,Medium,Health,5000,13-10-2024,WB-02,Under_Review,TRUE,0
593517173747,Medium,Pension,2000,17-07-2024,MH-02,Under_Review,TRUE,5
890557572917,Medium,Pension,2000,29-05-2024,WB-06,Under_Review,TRUE,2
525450455886,Medium,Pension,2000,11-01-2023,MH-05,Under_Review,TRUE,5
302110823637,Medium,Health,5000,09-04-2024,RJ-17,Under_Review,TRUE,1
362368284734,Medium,Food,1000,19-05-2023,WB-16,Under_Review,TRUE,4
915295363861,Medium,Pension,2000,13-06-2023,MP-16,Under_Review,TRUE,4
205777374667,Medium,Pension,2000,12-11-2023,KA-03,Under_Review,TRUE,1
927501440654,Medium,Health,5000,30-07-2023,MP-07,Under_Review,TRUE,5
392298433472,Medium,Health,5000,21-03-2024,UP-20,Under_Review,TRUE,4
378653570797,Medium,Health,5000,05-04-2024,UP-13,Under_Review,TRUE,1
257582002421,Medium,Food,1000,29-01-2023,KA-12,Under_Review,TRUE,4
671311262767,Medium,Health,5000,11-10-2025,UP-14,Under_Review,TRUE,3
461777537685,Medium,Pension,2000,07-09-2025,GJ-10,Under_Review,TRUE,5
469769844491,Medium,Pension,2000,04-07-2024,UP-17,Under_Review,TRUE,0
844934980940,Medium,Food,1000,18-01-2025,MP-10,Under_Review,TRUE,4
860533959365,Medium,Health,5000,01-07-2025,DL-13,Under_Review,TRUE,2
378818833252,Medium,Food,1000,14-09-2025,KA-08,Under_Review,TRUE,1
499833208369,Medium,Health,5000,04-01-2026,MH-16,Under_Review,TRUE,4
850100776727,Medium,Pension,2000,21-01-2024,DL-08,Under_Review,TRUE,2
996096266913,Medium,Food,1000,14-05-2023,AP-20,Under_Review,TRUE,1
905512428050,Medium,Health,5000,06-11-2025,MH-06,Under_Review,TRUE,1
628675076694,Medium,Health,5000,23-04-2023,TN-12,Under_Review,TRUE,4
963103583856,Medium,Pension,2000,02-04-2025,UP-01,Under_Review,TRUE,0
699513660284,Medium,Health,5000,12-01-2025,GJ-13,Under_Review,TRUE,5
909545897742,Medium,Pension,2000,29-06-2024,MP-20,Under_Review,TRUE,5
429157968810,Medium,Food,1000,09-08-2025,GJ-13,Under_Review,TRUE,0
444495318387,Medium,Pension,2000,27-01-2026,RJ-08,Under_Review,TRUE,1
332528686288,Medium,Food,1000,29-03-2023,GJ-02,Under_Review,TRUE,1
643929945798,Medium,Health,5000,19-11-2025,GJ-06,Under_Review,TRUE,5
967539419726,Medium,Food,1000,09-06-2025,DL-01,Under_Review,TRUE,3
528884679717,Medium,Pension,2000,01-09-2023,RJ-19,Under_Review,TRUE,1
922632593435,Medium,Pension,2000,26-10-2024,GJ-11,Under_Review,TRUE,4
438837082137,Medium,Pension,2000,20-08-2024,MH-09,Under_Review,TRUE,3
159304068773,Medium,Pension,2000,26-01-2026,DL-12,Under_Review,TRUE,5
740560560862,Medium,Food,1000,23-04-2023,AP-02,Under_Review,TRUE,2
993989904527,Medium,Pension,2000,12-08-2024,DL-16,Under_Review,TRUE,2
418724864992,Medium,Pension,2000,29-04-2025,KA-05,Under_Review,TRUE,4
300951429102,Medium,Food,1000,09-05-2025,DL-04,Under_Review,TRUE,4
401884431014,Medium,Food,1000,30-06-2024,DL-01,Under_Review,TRUE,1
839556092702,Medium,Food,1000,28-10-2025,GJ-05,Under_Review,TRUE,0
475191936112,Medium,Pension,2000,24-01-2025,MP-12,Under_Review,TRUE,5
180678728236,Medium,Food,1000,21-12-2023,AP-14,Under_Review,TRUE,5
558637455767,Medium,Health,5000,19-01-2023,AP-18,Under_Review,TRUE,5
110416996215,Medium,Health,5000,16-03-2024,MH-01,Under_Review,TRUE,1
235384846826,Medium,Pension,2000,04-02-2025,WB-14,Under_Review,TRUE,5
243750152211,Medium,Health,5000,17-07-2023,TN-20,Under_Review,TRUE,0
488167665266,Medium,Pension,2000,20-08-2025,TN-12,Under_Review,TRUE,5
817712138342,Medium,Food,1000,11-06-2025,RJ-19,Under_Review,TRUE,4
382882399854,Medium,Health,5000,11-05-2025,MP-03,Under_Review,TRUE,0
125472132272,Medium,Health,5000,19-07-2024,TN-09,Under_Review,TRUE,1
281107441204,Medium,Health,5000,22-12-2023,WB-16,Under_Review,TRUE,0
725801255493,Medium,Pension,2000,30-11-2023,UP-18,Under_Review,TRUE,5
573010701847,Medium,Health,5000,20-08-2025,MH-09,Under_Review,TRUE,1
755110412550,Medium,Pension,2000,05-05-2023,WB-04,Under_Review,TRUE,2
346280593475,Medium,Food,1000,07-12-2023,UP-04,Under_Review,TRUE,3
931850763579,Medium,Food,1000,20-10-2025,TN-02,Under_Review,TRUE,5
987677554194,Medium,Pension,2000,16-04-2024,KA-18,Under_Review,TRUE,0
206900100833,Medium,Health,5000,26-09-2024,GJ-12,Under_Review,TRUE,0
404685889114,Medium,Food,1000,26-06-2024,MH-10,Under_Review,TRUE,0
680920140891,Medium,Food,1000,09-03-2025,MH-20,Under_Review,TRUE,2
159489708942,Medium,Food,1000,04-10-2023,AP-08,Under_Review,TRUE,5
282914747643,Medium,Food,1000,17-06-2024,RJ-03,Under_Review,TRUE,1
880257423065,Medium,Pension,2000,02-11-2024,UP-05,Under_Review,TRUE,4
606465468277,Medium,Health,5000,30-04-2023,RJ-03,Under_Review,TRUE,5
558184358475,Medium,Food,1000,28-04-2024,WB-08,Under_Review,TRUE,5
905468742670,Medium,Food,1000,27-01-2026,TN-01,Under_Review,TRUE,2
595957606668,Medium,Food,1000,23-05-2023,UP-20,Under_Review,TRUE,5
467480157796,Medium,Food,1000,12-12-2023,KA-20,Under_Review,TRUE,1
664520689845,Medium,Food,1000,07-11-2024,GJ-17,Under_Review,TRUE,1
250516407506,Medium,Pension,2000,29-03-2023,DL-19,Under_Review,TRUE,5
829221111158,Medium,Pension,2000,17-07-2023,RJ-08,Under_Review,TRUE,4
880685346151,Medium,Food,1000,06-03-2024,GJ-08,Under_Review,TRUE,5
860217156839,Medium,Health,5000,24-10-2023,RJ-19,Under_Review,TRUE,3
264784198937,Medium,Health,5000,02-04-2025,TN-20,Under_Review,TRUE,0
864409037462,Medium,Food,1000,30-07-2025,UP-07,Under_Review,TRUE,4
386618922940,Medium,Food,1000,03-01-2024,WB-16,Under_Review,TRUE,5
232773387170,Medium,Pension,2000,09-11-2023,DL-08,Under_Review,TRUE,4
374403767988,Medium,Pension,2000,23-09-2025,UP-07,Under_Review,TRUE,5
246593262371,Medium,Pension,2000,06-11-2024,GJ-13,Under_Review,TRUE,5
583689570480,Medium,Health,5000,03-12-2023,DL-03,Under_Review,TRUE,0
303967957649,Medium,Health,5000,25-12-2025,MP-17,Under_Review,TRUE,3
837727092865,Medium,Health,5000,13-07-2025,KA-09,Under_Review,TRUE,0
177549985574,Medium,Food,1000,05-02-2025,UP-20,Under_Review,TRUE,3
539883687708,Medium,Health,5000,02-04-2025,TN-08,Under_Review,TRUE,5
692060878017,Medium,Health,5000,01-11-2023,DL-08,Under_Review,TRUE,2
275298019070,Medium,Pension,2000,26-07-2024,WB-01,Under_Review,TRUE,0
785990492588,Medium,Pension,2000,18-11-2024,RJ-14,Under_Review,TRUE,1
941447732157,Medium,Food,1000,24-09-2023,WB-09,Under_Review,TRUE,5
423055873542,Medium,Pension,2000,09-08-2025,UP-16,Under_Review,TRUE,4
318414137685,Medium,Health,5000,01-06-2023,AP-08,Under_Review,TRUE,5
592157204887,Medium,Pension,2000,14-03-2025,TN-12,Under_Review,TRUE,0
490536349556,High,Health,5000,25-12-2023,MP-13,Under_Review,TRUE,5
546080278660,High,Health,5000,14-10-2023,RJ-06,Under_Review,TRUE,0
102648646067,High,Health,5000,14-07-2023,MP-16,Under_Review,TRUE,2
698642901697,High,Pension,2000,03-04-2023,AP-07,Under_Review,TRUE,2
830714908716,High,Pension,2000,12-01-2023,WB-14,Under_Review,TRUE,1
384545875069,High,Food,1000,28-10-2024,RJ-14,Under_Review,TRUE,3
566143675259,High,Pension,2000,18-01-2023,DL-09,Under_Review,TRUE,1
115210272459,High,Food,1000,24-10-2024,TN-16,Under_Review,TRUE,2
959792010673,High,Food,1000,03-06-2023,MH-06,Under_Review,TRUE,4
223352342182,High,Pension,2000,03-10-2023,KA-11,Under_Review,TRUE,2
843288473350,High,Pension,2000,19-12-2025,MH-20,Under_Review,TRUE,1
723113312251,High,Pension,2000,06-05-2023,UP-10,Under_Review,TRUE,4
608828077264,High,Pension,2000,25-05-2023,UP-13,Under_Review,TRUE,2
299270190052,High,Health,5000,25-01-2023,MH-02,Under_Review,TRUE,1
251373900038,High,Food,1000,09-12-2024,AP-02,Under_Review,TRUE,3
621186529926,High,Pension,2000,04-03-2025,RJ-11,Under_Review,TRUE,0
419509279990,High,Health,5000,28-05-2023,UP-18,Under_Review,TRUE,5
984276235188,High,Health,5000,29-10-2024,WB-17,Under_Review,TRUE,3
109000441759,High,Pension,2000,25-01-2025,GJ-10,Under_Review,TRUE,1
900746902659,High,Pension,2000,08-08-2024,AP-04,Under_Review,TRUE,5
548595903075,High,Food,1000,10-07-2023,MH-06,Under_Review,TRUE,4
285327369770,High,Pension,2000,24-07-2023,UP-01,Under_Review,TRUE,4
554683852464,High,Health,5000,31-03-2023,MP-20,Under_Review,TRUE,4
997134614349,High,Health,5000,19-08-2025,AP-10,Under_Review,TRUE,1
306520147195,High,Health,5000,11-06-2023,RJ-02,Under_Review,TRUE,2
116371352393,High,Food,1000,19-11-2023,RJ-14,Under_Review,TRUE,2
556437758105,High,Pension,2000,23-10-2025,WB-10,Under_Review,TRUE,5
280922978638,High,Food,1000,06-10-2023,DL-20,Under_Review,TRUE,3
612798614220,High,Food,1000,13-01-2024,DL-15,Under_Review,TRUE,1
940605153125,High,Health,5000,20-03-2023,GJ-12,Under_Review,TRUE,5
248358321207,High,Pension,2000,13-12-2024,KA-11,Under_Review,TRUE,0
287326349251,High,Food,1000,08-01-2026,KA-04,Under_Review,TRUE,1
489115817749,High,Health,5000,26-12-2024,MP-03,Under_Review,TRUE,3
357234932364,High,Health,5000,09-05-2023,GJ-05,Under_Review,TRUE,3
298842361577,High,Food,1000,25-01-2023,RJ-06,Under_Review,TRUE,5
535937093262,High,Health,5000,26-12-2024,TN-12,Under_Review,TRUE,5
520224121208,High,Food,1000,11-01-2024,RJ-03,Under_Review,TRUE,2
156491845956,High,Food,1000,17-06-2025,AP-05,Under_Review,TRUE,3
609195440766,High,Pension,2000,12-08-2025,KA-16,Under_Review,TRUE,0
897236040403,High,Health,5000,06-10-2024,GJ-20,Under_Review,TRUE,5
405233030808,High,Food,1000,08-05-2024,TN-02,Under_Review,TRUE,1
659311545622,High,Health,5000,08-12-2024,WB-08,Under_Review,TRUE,4
389900335613,High,Pension,2000,21-05-2023,MH-08,Under_Review,TRUE,5
505930109610,High,Health,5000,10-07-2024,TN-10,Under_Review,TRUE,1
323621157065,High,Pension,2000,22-04-2023,TN-20,Under_Review,TRUE,1
972338239202,High,Food,1000,07-08-2024,UP-12,Under_Review,TRUE,2
649142020730,High,Food,1000,28-12-2024,TN-14,Under_Review,TRUE,3
921439994700,High,Pension,2000,28-03-2024,UP-05,Under_Review,TRUE,5
133063204015,High,Food,1000,28-10-2024,KA-11,Under_Review,TRUE,1
933915393090,High,Food,1000,14-03-2023,GJ-16,Under_Review,TRUE,0
168338937635,High,Food,1000,14-11-2025,KA-14,Under_Review,TRUE,4
121599936021,High,Health,5000,19-12-2023,WB-20,Under_Review,TRUE,5
364001004093,High,Health,5000,08-09-2024,UP-06,Under_Review,TRUE,2
368930097851,High,Food,1000,10-03-2025,KA-17,Under_Review,TRUE,5
883057407937,High,Pension,2000,15-11-2023,WB-15,Under_Review,TRUE,1
261274725624,High,Pension,2000,20-08-2025,KA-02,Under_Review,TRUE,4
915098181146,High,Health,5000,17-06-2025,TN-06,Under_Review,TRUE,5
544666213146,High,Food,1000,27-06-2024,WB-18,Under_Review,TRUE,1
666645241360,High,Food,1000,23-12-2024,UP-06,Under_Review,TRUE,2
362769562579,High,Food,1000,26-05-2023,TN-05,Under_Review,TRUE,4
821975277851,High,Food,1000,31-07-2023,DL-17,Under_Review,TRUE,5
382675845819,High,Food,1000,01-09-2025,MP-05,Under_Review,TRUE,2
221302096257,High,Health,5000,12-01-2023,GJ-10,Under_Review,TRUE,3
845778919463,High,Pension,2000,19-07-2023,WB-14,Under_Review,TRUE,2
482748337150,High,Health,5000,14-01-2023,MH-04,Under_Review,TRUE,5
336143051890,High,Health,5000,18-01-2026,AP-16,Under_Review,TRUE,1
961878804799,High,Health,5000,01-10-2024,KA-08,Under_Review,TRUE,3
164211506218,High,Food,1000,20-09-2024,UP-03,Under_Review,TRUE,5
969997482968,High,Food,1000,24-12-2025,MP-18,Under_Review,TRUE,2
960277258919,High,Food,1000,19-11-2024,WB-10,Under_Review,TRUE,2
542582948095,High,Pension,2000,24-06-2023,KA-16,Under_Review,TRUE,3
427191372390,High,Health,5000,26-03-2025,MH-11,Under_Review,TRUE,2
319762051518,High,Food,1000,22-12-2024,MP-09,Under_Review,TRUE,4
874884443245,High,Food,1000,05-09-2025,MH-19,Under_Review,TRUE,1
790584080508,High,Health,5000,02-12-2024,MP-14,Under_Review,TRUE,1
603630909746,High,Pension,2000,17-06-2024,UP-01,Under_Review,TRUE,3
529338131434,High,Health,5000,28-03-2023,TN-18,Under_Review,TRUE,3
350255450918,High,Pension,2000,18-01-2026,TN-04,Under_Review,TRUE,5
709221958837,High,Pension,2000,03-07-2024,DL-16,Under_Review,TRUE,4
394468750871,High,Health,5000,05-08-2025,UP-12,Under_Review,TRUE,4
374628556945,High,Food,1000,19-03-2025,AP-20,Under_Review,TRUE,5
123613388986,High,Pension,2000,11-07-2024,MP-13,Under_Review,TRUE,1
409742905074,High,Health,5000,14-06-2023,UP-16,Under_Review,TRUE,2
104914803187,High,Food,1000,03-07-2024,TN-16,Under_Review,TRUE,2
660858143082,High,Pension,2000,06-01-2026,WB-19,Under_Review,TRUE,4
667915375769,High,Pension,2000,15-02-2023,RJ-02,Under_Review,TRUE,1
659906339523,High,Food,1000,26-03-2023,TN-16,Under_Review,TRUE,1
182522639282,High,Health,5000,08-05-2024,UP-18,Under_Review,TRUE,5
984058084297,High,Food,1000,25-02-2024,UP-09,Under_Review,TRUE,4
954575976973,High,Food,1000,06-01-2023,KA-03,Under_Review,TRUE,2
889795296470,High,Health,5000,06-07-2025,AP-05,Under_Review,TRUE,1
253510565625,High,Health,5000,04-12-2023,RJ-17,Under_Review,TRUE,5
227171561664,High,Health,5000,16-09-2023,GJ-12,Under_Review,TRUE,0
726644721466,High,Health,5000,08-03-2024,WB-20,Under_Review,TRUE,1
414122109988,High,Health,5000,03-01-2023,TN-01,Under_Review,TRUE,3
900462899414,High,Health,5000,27-08-2025,DL-08,Under_Review,TRUE,3
892574987642,High,Pension,2000,20-02-2023,KA-05,Under_Review,TRUE,1
225255883625,High,Food,1000,27-11-2025,MP-13,Under_Review,TRUE,5
181591803707,High,Health,5000,26-05-2024,KA-04,Under_Review,TRUE,0
305190870975,High,Pension,2000,29-10-2023,UP-07,Under_Review,TRUE,3
474970630282,High,Pension,2000,27-07-2025,UP-15,Suspended,FALSE,4
537422501292,High,Health,5000,22-07-2025,WB-13,Suspended,FALSE,3
389159413486,High,Food,1000,14-02-2026,DL-12,Suspended,FALSE,5
970328451045,High,Health,5000,26-12-2025,DL-20,Suspended,FALSE,5
419244240984,High,Health,5000,17-05-2024,KA-07,Suspended,FALSE,2
406318959336,High,Pension,2000,18-08-2024,RJ-06,Suspended,FALSE,1
451051525095,High,Health,5000,24-04-2025,UP-02,Suspended,FALSE,2
170267162655,High,Pension,2000,15-06-2024,KA-10,Suspended,FALSE,3
437846345831,High,Health,5000,30-07-2023,RJ-09,Suspended,FALSE,4
703848273233,High,Food,1000,09-08-2024,MP-09,Suspended,FALSE,0
988607839897,High,Pension,2000,19-10-2023,KA-09,Suspended,FALSE,1
174274466951,High,Health,5000,09-05-2023,AP-14,Suspended,FALSE,2
842911686298,High,Food,1000,24-05-2023,KA-11,Suspended,FALSE,5
342506399986,High,Food,1000,08-01-2025,WB-03,Suspended,FALSE,3
332322266792,High,Health,5000,10-05-2025,MP-19,Suspended,FALSE,3
587140838363,High,Pension,2000,14-05-2023,KA-12,Suspended,FALSE,1
362823334915,High,Pension,2000,29-04-2025,MP-09,Suspended,FALSE,4
381778103971,High,Health,5000,05-06-2024,AP-11,Suspended,FALSE,3
833661177140,High,Pension,2000,22-04-2025,RJ-13,Suspended,FALSE,1
209263387247,High,Health,5000,13-01-2023,UP-03,Suspended,FALSE,3
619750749308,High,Food,1000,30-10-2023,DL-01,Suspended,FALSE,2
275022022143,High,Health,5000,24-07-2024,MH-02,Suspended,FALSE,3
445506715686,High,Pension,2000,18-07-2025,MH-19,Suspended,FALSE,2
230358584275,High,Food,1000,17-01-2025,KA-06,Suspended,FALSE,5
344645993190,High,Food,1000,18-01-2023,MH-07,Suspended,FALSE,4
194535239358,High,Food,1000,04-12-2025,MH-18,Suspended,FALSE,5
797682938714,High,Health,5000,31-12-2025,RJ-09,Suspended,FALSE,2
429232782556,High,Food,1000,04-05-2023,DL-01,Suspended,FALSE,2
362436145956,High,Pension,2000,10-10-2023,TN-14,Suspended,FALSE,4
181239219175,High,Food,1000,27-03-2025,AP-01,Suspended,FALSE,2
520680158537,High,Health,5000,20-12-2024,GJ-11,Suspended,FALSE,3
499916396840,High,Health,5000,19-05-2025,TN-17,Suspended,FALSE,4
170989396337,High,Health,5000,19-09-2023,UP-01,Suspended,FALSE,2
120000125064,High,Food,1000,07-11-2025,TN-14,Suspended,FALSE,3
715663355360,High,Pension,2000,13-01-2023,UP-02,Suspended,FALSE,1
931263102645,High,Pension,2000,08-03-2025,UP-19,Suspended,FALSE,2
996083509792,High,Health,5000,30-06-2025,MP-16,Suspended,FALSE,3
512415721700,High,Food,1000,24-06-2024,KA-03,Suspended,FALSE,0
632661610909,High,Pension,2000,29-06-2024,AP-11,Suspended,FALSE,0
922256718853,High,Pension,2000,29-01-2023,DL-03,Suspended,FALSE,4
626613606625,High,Health,5000,27-11-2023,RJ-01,Suspended,FALSE,0
451448631674,High,Food,1000,17-04-2024,DL-16,Suspended,FALSE,2
768473682572,High,Health,5000,25-07-2023,DL-19,Suspended,FALSE,5
260203892325,High,Pension,2000,13-03-2025,GJ-10,Suspended,FALSE,0
824428931057,High,Health,5000,18-03-2024,DL-16,Suspended,FALSE,1
740380764562,High,Food,1000,14-08-2023,MH-09,Suspended,FALSE,2
988311555113,High,Pension,2000,02-03-2023,GJ-16,Suspended,FALSE,3
353150752575,High,Food,1000,13-09-2023,RJ-01,Suspended,FALSE,0
510410070018,High,Health,5000,02-05-2023,RJ-17,Suspended,FALSE,2
247853418347,High,Pension,2000,08-07-2024,GJ-11,Suspended,FALSE,5
377767095931,High,Health,5000,21-11-2024,RJ-04,Suspended,FALSE,4
768704221812,High,Health,5000,07-03-2023,MP-03,Suspended,FALSE,4
805379168185,High,Food,1000,08-09-2024,MH-03,Suspended,FALSE,1
857316136214,High,Pension,2000,26-01-2023,GJ-02,Suspended,FALSE,0
482264784733,High,Pension,2000,05-04-2025,MP-19,Suspended,FALSE,3
949669281237,High,Health,5000,14-04-2025,UP-11,Suspended,FALSE,5
684902647389,High,Health,5000,03-10-2024,MH-01,Suspended,FALSE,0
103810245052,High,Health,5000,07-09-2025,KA-02,Suspended,FALSE,2
644107981682,High,Food,1000,25-05-2024,UP-12,Suspended,FALSE,4
301984354470,High,Food,1000,25-02-2023,TN-02,Suspended,FALSE,4
796012414943,High,Health,5000,30-01-2023,AP-10,Suspended,FALSE,0
810276209507,High,Pension,2000,18-01-2023,DL-19,Suspended,FALSE,3
271095437067,High,Pension,2000,17-05-2024,WB-18,Suspended,FALSE,4
873456092514,High,Health,5000,02-10-2025,AP-12,Suspended,FALSE,5
415891379809,High,Health,5000,31-01-2025,TN-18,Suspended,FALSE,5
598480825573,High,Health,5000,01-09-2025,WB-07,Suspended,FALSE,4
465694766019,High,Food,1000,06-07-2023,RJ-04,Suspended,FALSE,3
276618257630,High,Food,1000,12-09-2025,UP-06,Suspended,FALSE,5
356440080119,High,Health,5000,29-04-2025,KA-15,Suspended,FALSE,5
979227002789,High,Food,1000,17-04-2023,TN-09,Suspended,FALSE,2
578552056952,High,Health,5000,03-05-2024,MP-20,Suspended,FALSE,1
736028370958,High,Food,1000,30-04-2025,RJ-13,Suspended,FALSE,5
798582232722,High,Pension,2000,30-06-2023,GJ-06,Suspended,FALSE,4
330106498826,High,Food,1000,12-12-2025,DL-02,Suspended,FALSE,3
837650666734,High,Health,5000,19-08-2023,AP-11,Suspended,FALSE,4
553539880499,High,Pension,2000,24-11-2025,AP-07,Suspended,FALSE,2
669615975267,High,Pension,2000,02-12-2023,WB-16,Suspended,FALSE,3
334453131900,High,Pension,2000,24-08-2023,MP-13,Suspended,FALSE,3
403646491209,High,Food,1000,25-07-2023,TN-13,Suspended,FALSE,3
462218432583,High,Health,5000,12-01-2023,UP-02,Suspended,FALSE,0
929045828109,High,Food,1000,06-06-2025,WB-13,Suspended,FALSE,5
388866923531,High,Pension,2000,18-07-2025,MP-08,Suspended,FALSE,4
987058310740,High,Pension,2000,30-07-2024,DL-03,Suspended,FALSE,2
889104685300,High,Pension,2000,07-04-2024,KA-03,Suspended,FALSE,2
258202426576,High,Food,1000,03-12-2024,KA-19,Suspended,FALSE,4
521661335757,High,Health,5000,07-11-2025,GJ-02,Suspended,FALSE,4
593327773325,High,Health,5000,27-01-2024,RJ-04,Suspended,FALSE,1
211997365694,High,Pension,2000,27-10-2025,DL-10,Suspended,FALSE,3
195420030044,High,Health,5000,26-04-2023,WB-04,Suspended,FALSE,4
753288603361,High,Pension,2000,16-04-2024,MH-03,Suspended,FALSE,4
348971415133,High,Health,5000,05-06-2023,UP-09,Suspended,FALSE,3
159197209230,High,Health,5000,27-09-2023,RJ-04,Suspended,FALSE,3
665157348793,High,Pension,2000,17-06-2023,MH-05,Suspended,FALSE,4
196145971876,High,Pension,2000,28-08-2024,MP-10,Suspended,FALSE,3
721419063291,High,Health,5000,30-09-2025,WB-03,Suspended,FALSE,5
570707939509,High,Food,1000,06-11-2024,UP-17,Suspended,FALSE,3
403916383394,High,Pension,2000,10-09-2023,GJ-08,Suspended,FALSE,0
428401347315,High,Food,1000,12-03-2025,UP-01,Suspended,FALSE,1
669102919757,High,Health,5000,18-04-2023,AP-08,Suspended,FALSE,4
347496142717,High,Food,1000,29-07-2023,WB-02,Suspended,FALSE,1
824604763538,High,Food,1000,04-08-2024,UP-19,Suspended,FALSE,0
941052430725,High,Health,5000,05-03-2023,AP-10,Suspended,FALSE,5
129894697289,High,Food,1000,25-02-2025,UP-10,Suspended,FALSE,5
329690158599,High,Food,1000,12-11-2024,DL-10,Suspended,FALSE,3
372777160529,High,Health,5000,28-10-2025,RJ-15,Suspended,FALSE,1
110997728740,High,Pension,2000,14-01-2026,UP-09,Suspended,FALSE,0
987207807663,High,Pension,2000,03-02-2025,DL-07,Suspended,FALSE,5
948228692614,High,Health,5000,20-01-2025,MP-03,Suspended,FALSE,2
245314696811,High,Pension,2000,15-02-2024,AP-19,Suspended,FALSE,0
316378890905,High,Pension,2000,22-01-2023,GJ-07,Suspended,FALSE,4
768829504721,High,Food,1000,09-05-2024,GJ-06,Suspended,FALSE,3
379830778850,High,Health,5000,16-12-2023,UP-20,Suspended,FALSE,4
965228799369,High,Pension,2000,06-01-2025,TN-14,Suspended,FALSE,3
757387295528,High,Pension,2000,28-03-2024,GJ-19,Suspended,FALSE,5
590534536253,High,Food,1000,14-02-2025,TN-09,Suspended,FALSE,5
220000273189,High,Food,1000,01-03-2023,TN-19,Suspended,FALSE,5
350594382191,High,Food,1000,24-03-2024,GJ-13,Suspended,FALSE,5
895718969292,High,Food,1000,22-12-2024,DL-20,Suspended,FALSE,3
689434226748,High,Health,5000,04-06-2025,MP-04,Suspended,FALSE,3
909380646549,High,Food,1000,04-12-2025,DL-20,Suspended,FALSE,3
776204808609,High,Food,1000,02-05-2025,UP-14,Suspended,FALSE,4
343316385675,High,Pension,2000,08-11-2025,GJ-11,Suspended,FALSE,3
263739966615,High,Pension,2000,19-12-2023,MH-18,Suspended,FALSE,4
600798359966,High,Health,5000,23-11-2024,RJ-17,Suspended,FALSE,1
515364424680,High,Food,1000,25-12-2024,MP-15,Suspended,FALSE,3
163318259214,High,Food,1000,19-01-2025,WB-19,Suspended,FALSE,2
435125190538,High,Health,5000,19-02-2026,TN-02,Suspended,FALSE,5
757822503118,High,Health,5000,10-03-2023,MP-20,Suspended,FALSE,4
259336264215,High,Health,5000,25-01-2024,RJ-04,Suspended,FALSE,4
587202255586,High,Health,5000,28-01-2026,DL-18,Suspended,FALSE,1
934465935909,High,Pension,2000,01-03-2023,UP-01,Suspended,FALSE,3
782883797893,High,Pension,2000,23-04-2024,TN-14,Suspended,FALSE,4
376865236217,High,Pension,2000,03-10-2024,GJ-04,Suspended,FALSE,5
665009751673,High,Health,5000,06-07-2024,AP-12,Suspended,FALSE,5
850960547488,High,Food,1000,06-01-2025,MH-20,Suspended,FALSE,2
130559104657,High,Food,1000,15-06-2023,UP-16,Suspended,FALSE,2
830596050635,High,Pension,2000,06-06-2025,DL-17,Suspended,FALSE,0
730680693216,High,Pension,2000,01-11-2023,RJ-02,Suspended,FALSE,2
727864192806,High,Pension,2000,26-10-2023,DL-17,Suspended,FALSE,4
714201920966,High,Food,1000,13-07-2023,MP-18,Suspended,FALSE,5
451010332094,High,Pension,2000,15-07-2025,WB-02,Suspended,FALSE,3
317908407190,High,Pension,2000,09-01-2024,RJ-06,Suspended,FALSE,2
103908982987,High,Food,1000,09-08-2024,KA-12,Suspended,FALSE,0
263895472681,High,Pension,2000,17-08-2025,WB-05,Suspended,FALSE,0
994197081004,High,Pension,2000,30-12-2025,RJ-03,Suspended,FALSE,5
168305641645,High,Health,5000,09-07-2023,AP-15,Suspended,FALSE,2
469459185720,High,Health,5000,24-04-2025,KA-11,Suspended,FALSE,4
566191595374,High,Pension,2000,11-03-2025,RJ-04,Suspended,FALSE,4
615571238833,High,Health,5000,24-02-2023,TN-12,Suspended,FALSE,3
525124057803,High,Food,1000,24-05-2025,DL-01,Suspended,FALSE,4
316063148191,High,Health,5000,29-12-2023,UP-11,Suspended,FALSE,1
154882135826,High,Pension,2000,01-01-2025,MP-03,Suspended,FALSE,0
252682227142,High,Food,1000,28-09-2024,MP-19,Suspended,FALSE,5
383323461143,High,Food,1000,08-11-2024,DL-04,Suspended,FALSE,4
162234070604,High,Food,1000,05-06-2025,TN-17,Suspended,FALSE,0
877706245009,High,Health,5000,13-02-2023,AP-17,Suspended,FALSE,4
300185373527,High,Food,1000,01-11-2025,UP-14,Suspended,FALSE,4
239023701461,High,Pension,2000,19-04-2025,MH-06,Suspended,FALSE,0
780805297707,High,Pension,2000,26-07-2024,WB-03,Suspended,FALSE,0
884914928922,High,Health,5000,18-06-2025,KA-03,Suspended,FALSE,2
414049518195,High,Health,5000,14-03-2023,GJ-02,Suspended,FALSE,1
730915194016,High,Pension,2000,25-01-2023,WB-08,Suspended,FALSE,5
884169032059,High,Food,1000,13-06-2025,DL-06,Suspended,FALSE,3
107333842882,High,Pension,2000,22-01-2025,WB-11,Suspended,FALSE,4
549981461313,High,Health,5000,23-10-2024,WB-18,Suspended,FALSE,3
907445825449,High,Food,1000,19-01-2023,GJ-19,Suspended,FALSE,4
798265597185,High,Food,1000,15-01-2025,GJ-15,Suspended,FALSE,4
249636190816,High,Pension,2000,18-07-2023,MH-09,Suspended,FALSE,0
206135677483,High,Food,1000,13-01-2024,KA-10,Suspended,FALSE,0
547426485801,High,Food,1000,22-11-2024,KA-18,Suspended,FALSE,1
793688473551,High,Food,1000,19-09-2025,RJ-11,Suspended,FALSE,1
490289923945,High,Health,5000,10-10-2023,GJ-09,Suspended,FALSE,5
121642568203,High,Food,1000,05-09-2023,AP-13,Suspended,FALSE,3
333756406071,High,Food,1000,04-09-2023,WB-05,Suspended,FALSE,4
230808116719,High,Pension,2000,28-05-2024,MP-14,Suspended,FALSE,0
685297735427,High,Pension,2000,02-03-2024,MH-06,Suspended,FALSE,1
683529336820,High,Health,5000,28-02-2023,MP-16,Suspended,FALSE,1
804624072348,High,Health,5000,09-08-2024,MH-07,Suspended,FALSE,3
535814800768,High,Health,5000,03-05-2024,MH-09,Suspended,FALSE,5
193783463235,High,Pension,2000,29-08-2025,MP-16,Suspended,FALSE,4
281974048421,High,Food,1000,10-02-2026,KA-15,Suspended,FALSE,5
740517128462,High,Food,1000,16-01-2024,WB-20,Suspended,FALSE,4
983034844604,High,Health,5000,30-03-2024,DL-16,Suspended,FALSE,3
224288856113,High,Health,5000,02-06-2023,WB-20,Suspended,FALSE,1
215363919327,High,Pension,2000,06-03-2023,WB-16,Suspended,FALSE,3
175020480822,High,Health,5000,07-03-2024,MP-13,Suspended,FALSE,2
269441104424,High,Health,5000,18-09-2024,KA-10,Suspended,FALSE,3
906403861775,High,Pension,2000,04-09-2023,KA-18,Suspended,FALSE,1
597777806361,High,Food,1000,15-06-2024,MP-07,Suspended,FALSE,5
272780723750,High,Health,5000,17-11-2023,RJ-05,Suspended,FALSE,3
641688555125,High,Pension,2000,03-02-2026,KA-20,Suspended,FALSE,5
898618842552,High,Food,1000,07-01-2025,DL-10,Suspended,FALSE,4
946574405883,High,Health,5000,05-11-2024,WB-14,Suspended,FALSE,0
226215962420,High,Food,1000,04-09-2023,MP-15,Suspended,FALSE,1
202227811658,High,Health,5000,02-04-2023,KA-14,Suspended,FALSE,0
327239162555,High,Pension,2000,11-02-2026,GJ-16,Suspended,FALSE,3
520917881603,High,Food,1000,12-08-2024,AP-10,Suspended,FALSE,2
704112510874,High,Food,1000,18-01-2023,RJ-16,Suspended,FALSE,1
339164785678,High,Health,5000,05-01-2023,TN-08,Suspended,FALSE,2
553900311735,High,Health,5000,21-06-2025,DL-19,Suspended,FALSE,2
822474400530,High,Health,5000,26-02-2025,RJ-11,Blacklisted,FALSE,5
139059766905,High,Food,1000,23-10-2023,GJ-07,Blacklisted,FALSE,0
317173733505,High,Health,5000,17-05-2025,RJ-08,Blacklisted,FALSE,1
640435586260,High,Health,5000,18-08-2023,MP-17,Blacklisted,FALSE,3
739844950773,High,Health,5000,10-04-2025,GJ-14,Blacklisted,FALSE,4
576709419734,High,Health,5000,08-04-2025,MH-13,Blacklisted,FALSE,0
246030902342,High,Health,5000,04-12-2025,KA-04,Blacklisted,FALSE,2
318499782799,High,Health,5000,08-08-2024,MH-13,Blacklisted,FALSE,3
877589120676,High,Health,5000,04-09-2025,DL-12,Blacklisted,FALSE,5
231953089322,High,Health,5000,20-12-2024,TN-17,Blacklisted,FALSE,2
335117049222,High,Pension,2000,12-04-2023,DL-09,Blacklisted,FALSE,5
182543947119,High,Health,5000,24-07-2024,AP-03,Blacklisted,FALSE,0
188527468198,High,Health,5000,11-11-2023,UP-02,Blacklisted,FALSE,1
870420888607,High,Food,1000,30-08-2024,TN-02,Blacklisted,FALSE,4
882029595320,High,Pension,2000,22-07-2025,MP-08,Blacklisted,FALSE,0
735796521336,High,Food,1000,10-06-2023,DL-16,Blacklisted,FALSE,3
473218374480,High,Food,1000,18-12-2025,UP-10,Blacklisted,FALSE,1
335752376510,High,Health,5000,05-05-2023,RJ-14,Blacklisted,FALSE,4
653732471154,High,Pension,2000,14-04-2023,KA-17,Blacklisted,FALSE,2
295250836287,High,Pension,2000,15-11-2025,GJ-17,Blacklisted,FALSE,2
784101123846,High,Health,5000,18-05-2024,GJ-20,Blacklisted,FALSE,5
856630317756,High,Food,1000,02-11-2025,UP-02,Blacklisted,FALSE,1
492848910669,High,Food,1000,05-09-2023,MP-06,Blacklisted,FALSE,4
161628107169,High,Health,5000,12-02-2026,RJ-04,Blacklisted,FALSE,4
141586673090,High,Health,5000,25-01-2024,GJ-12,Blacklisted,FALSE,2
487446932272,High,Health,5000,10-08-2024,AP-07,Blacklisted,FALSE,1
104822694504,High,Food,1000,04-10-2024,DL-18,Blacklisted,FALSE,4
424466610834,High,Health,5000,25-04-2023,MP-12,Blacklisted,FALSE,3
694816838065,High,Health,5000,26-12-2024,KA-08,Blacklisted,FALSE,5
256753008621,High,Health,5000,02-02-2024,AP-01,Blacklisted,FALSE,4
546165635586,High,Pension,2000,16-07-2024,MP-14,Blacklisted,FALSE,5
441208093602,High,Pension,2000,07-09-2023,MH-02,Blacklisted,FALSE,0
144609401655,High,Pension,2000,05-11-2025,MP-04,Blacklisted,FALSE,3
772018684063,High,Health,5000,30-07-2025,KA-04,Blacklisted,FALSE,4
929332050324,High,Health,5000,09-11-2024,TN-17,Blacklisted,FALSE,1
172400544135,High,Health,5000,12-11-2023,AP-05,Blacklisted,FALSE,4
693908097759,High,Pension,2000,10-08-2025,AP-01,Blacklisted,FALSE,1
357405429897,High,Pension,2000,05-06-2025,DL-10,Blacklisted,FALSE,3
109997966838,High,Pension,2000,05-01-2024,AP-20,Blacklisted,FALSE,0
238119345431,High,Health,5000,01-10-2024,RJ-10,Blacklisted,FALSE,4
653421549559,High,Food,1000,13-04-2025,TN-19,Blacklisted,FALSE,5
255101589017,High,Food,1000,24-05-2024,MP-15,Blacklisted,FALSE,5
206332319215,High,Health,5000,13-09-2024,GJ-05,Blacklisted,FALSE,2
417874516222,High,Health,5000,17-02-2023,GJ-17,Blacklisted,FALSE,4
509441075461,High,Pension,2000,11-06-2025,MP-17,Blacklisted,FALSE,1
549921903648,High,Health,5000,30-07-2023,KA-14,Blacklisted,FALSE,1
147223112861,High,Pension,2000,10-05-2023,UP-16,Blacklisted,FALSE,4
881261739404,High,Food,1000,14-05-2025,MH-16,Blacklisted,FALSE,3
743076115651,High,Pension,2000,07-02-2025,MH-18,Blacklisted,FALSE,4
147558102786,High,Pension,2000,25-09-2024,GJ-14,Blacklisted,FALSE,4
586949016220,High,Food,1000,15-11-2023,KA-15,Blacklisted,FALSE,2
907053522127,High,Food,1000,07-06-2024,RJ-07,Blacklisted,FALSE,0
832947512832,High,Health,5000,12-06-2023,UP-13,Blacklisted,FALSE,5
109226953026,High,Health,5000,20-10-2023,TN-08,Blacklisted,FALSE,2
856497968454,High,Health,5000,17-12-2025,GJ-20,Blacklisted,FALSE,3
440455121751,High,Pension,2000,15-10-2025,TN-09,Blacklisted,FALSE,3
947035634656,High,Pension,2000,25-04-2024,GJ-19,Blacklisted,FALSE,3
577501458771,High,Pension,2000,20-01-2025,TN-10,Blacklisted,FALSE,4
431084322349,High,Food,1000,18-12-2024,MP-11,Blacklisted,FALSE,4
621784024285,High,Food,1000,10-04-2023,GJ-08,Blacklisted,FALSE,4
446264259638,High,Food,1000,05-04-2024,UP-07,Blacklisted,FALSE,4
653870114372,High,Pension,2000,20-07-2023,GJ-15,Blacklisted,FALSE,1
518248447758,High,Pension,2000,05-08-2025,DL-12,Blacklisted,FALSE,4
315250204367,High,Pension,2000,27-04-2025,WB-13,Blacklisted,FALSE,1
270440234724,High,Health,5000,27-08-2024,AP-08,Blacklisted,FALSE,3
914782895445,High,Pension,2000,25-12-2025,WB-17,Blacklisted,FALSE,0
220160446364,High,Pension,2000,18-07-2024,MH-16,Blacklisted,FALSE,4
348924716487,High,Health,5000,21-11-2024,RJ-07,Blacklisted,FALSE,0
609661431919,High,Food,1000,14-07-2024,DL-08,Blacklisted,FALSE,0
652933418438,High,Food,1000,22-01-2025,RJ-06,Blacklisted,FALSE,3
247123028258,High,Health,5000,29-11-2023,WB-01,Blacklisted,FALSE,2
208422618549,High,Pension,2000,11-01-2026,TN-08,Blacklisted,FALSE,4
368875008533,High,Food,1000,15-05-2024,UP-04,Blacklisted,FALSE,1
245933104211,High,Health,5000,07-03-2025,UP-07,Blacklisted,FALSE,1
448051317242,High,Pension,2000,06-02-2025,AP-09,Blacklisted,FALSE,2
659682353949,High,Health,5000,27-02-2023,UP-08,Blacklisted,FALSE,2
951792714333,High,Pension,2000,17-12-2023,KA-16,Blacklisted,FALSE,4
825335977857,High,Food,1000,08-06-2024,GJ-12,Blacklisted,FALSE,5
365545299431,High,Pension,2000,19-12-2024,WB-01,Blacklisted,FALSE,2
692053572983,High,Food,1000,31-07-2023,AP-02,Blacklisted,FALSE,1
881052379045,High,Pension,2000,14-08-2023,KA-07,Blacklisted,FALSE,0
293990585603,High,Health,5000,08-10-2025,KA-20,Blacklisted,FALSE,3
993978774515,High,Pension,2000,04-11-2025,MP-14,Blacklisted,FALSE,2
398466965360,High,Health,5000,07-02-2025,MH-01,Blacklisted,FALSE,2
902722875834,High,Pension,2000,02-09-2024,MP-18,Blacklisted,FALSE,4
904531556502,High,Health,5000,16-10-2023,MP-12,Blacklisted,FALSE,3
308646587090,High,Pension,2000,05-11-2023,UP-18,Blacklisted,FALSE,4
125905122791,High,Food,1000,21-05-2023,UP-08,Blacklisted,FALSE,2
700193210629,High,Food,1000,24-08-2024,DL-07,Blacklisted,FALSE,5
526916355498,High,Health,5000,21-03-2024,TN-02,Blacklisted,FALSE,3
692846332937,High,Food,1000,23-09-2024,MH-08,Blacklisted,FALSE,4
896986368013,High,Food,1000,24-01-2025,AP-08,Blacklisted,FALSE,0
119274185629,High,Pension,2000,17-01-2026,WB-02,Blacklisted,FALSE,3
329967945631,High,Food,1000,12-03-2024,GJ-08,Blacklisted,FALSE,1
515265495276,High,Health,5000,11-03-2025,RJ-13,Blacklisted,FALSE,5
606722958041,High,Food,1000,22-03-2023,MH-01,Blacklisted,FALSE,2
353549042117,High,Food,1000,09-07-2024,MH-12,Blacklisted,FALSE,1
783513798833,High,Pension,2000,28-05-2024,AP-09,Blacklisted,FALSE,0
605626371346,High,Health,5000,05-03-2025,DL-18,Blacklisted,FALSE,5
149659527547,High,Food,1000,06-01-2025,MH-06,Blacklisted,FALSE,0